,cycle,species,biomass
0,40,Mariniplasma_anaerobium,1.2585316
1,40,Geobacter_metallireducens_strain_GS-15,0.932476599
2,40,Methanosarcina_acetivorans,0.930396071
3,40,Methanobacterium_formicicum,2.794495804
4,40,Magnetospirillum_magneticum,8.872868645
5,40,Tepidimonas_charontis,0.930396071
6,40,Gudongella_oleilytica,1.820869632
7,40,Desulfomicrobium_baculatum,6.796025727
8,40,Parabacteroides_goldsteinii,15.0915076
9,40,Thermincola_ferriacetica,1.860792142
10,40,Dechloromonas_aromatica,0.995940143
11,40,Longilinea_sp.,1.020548133
12,40,Hydrogenophaga_aromaticivorans,7.702804273
13,40,Clostridium_fungisolvens,22.16580445
14,40,Geovibrio_thiophilus,26.82654311
15,41,Mariniplasma_anaerobium,1.214677876
16,41,Geobacter_metallireducens_strain_GS-15,0.867365542
17,41,Methanosarcina_acetivorans,0.93595875
18,41,Methanobacterium_formicicum,2.862406419
19,41,Magnetospirillum_magneticum,8.333572811
20,41,Tepidimonas_charontis,0.946887327
21,41,Gudongella_oleilytica,1.863799407
22,41,Desulfomicrobium_baculatum,6.929447333
23,41,Parabacteroides_goldsteinii,15.16602051
24,41,Thermincola_ferriacetica,1.797711749
25,41,Dechloromonas_aromatica,0.980959706
26,41,Longilinea_sp.,0.997367176
27,41,Hydrogenophaga_aromaticivorans,7.419239172
28,41,Clostridium_fungisolvens,22.84183188
29,41,Geovibrio_thiophilus,26.84275434
30,42,Mariniplasma_anaerobium,1.181556862
31,42,Geobacter_metallireducens_strain_GS-15,0.811554265
32,42,Methanosarcina_acetivorans,0.94382147
33,42,Methanobacterium_formicicum,2.928086759
34,42,Magnetospirillum_magneticum,7.840969731
35,42,Tepidimonas_charontis,0.964227679
36,42,Gudongella_oleilytica,1.904459239
37,42,Desulfomicrobium_baculatum,7.047075634
38,42,Parabacteroides_goldsteinii,15.20521149
39,42,Thermincola_ferriacetica,1.738882203
40,42,Dechloromonas_aromatica,0.966475063
41,42,Longilinea_sp.,0.978388468
42,42,Hydrogenophaga_aromaticivorans,7.145918921
43,42,Clostridium_fungisolvens,23.48613249
44,42,Geovibrio_thiophilus,26.85723972
45,43,Mariniplasma_anaerobium,1.154328843
46,43,Geobacter_metallireducens_strain_GS-15,0.763885068
47,43,Methanosarcina_acetivorans,0.954167971
48,43,Methanobacterium_formicicum,2.991955264
49,43,Magnetospirillum_magneticum,7.391405612
50,43,Tepidimonas_charontis,0.982649851
51,43,Gudongella_oleilytica,1.943154568
52,43,Desulfomicrobium_baculatum,7.150149991
53,43,Parabacteroides_goldsteinii,15.212924
54,43,Thermincola_ferriacetica,1.684257323
55,43,Dechloromonas_aromatica,0.95256942
56,43,Longilinea_sp.,0.962158511
57,43,Hydrogenophaga_aromaticivorans,6.879358973
58,43,Clostridium_fungisolvens,24.10048253
59,43,Geovibrio_thiophilus,26.87655208
60,44,Mariniplasma_anaerobium,1.131649334
61,44,Geobacter_metallireducens_strain_GS-15,0.723187263
62,44,Methanosarcina_acetivorans,0.967081876
63,44,Methanobacterium_formicicum,3.054126996
64,44,Magnetospirillum_magneticum,6.980846566
65,44,Tepidimonas_charontis,1.002277426
66,44,Gudongella_oleilytica,1.980008468
67,44,Desulfomicrobium_baculatum,7.239278909
68,44,Parabacteroides_goldsteinii,15.19194542
69,44,Thermincola_ferriacetica,1.633617354
70,44,Dechloromonas_aromatica,0.939294937
71,44,Longilinea_sp.,0.948240669
72,44,Hydrogenophaga_aromaticivorans,6.620471729
73,44,Clostridium_fungisolvens,24.68409189
74,44,Geovibrio_thiophilus,26.90388116
75,45,Mariniplasma_anaerobium,1.11113318
76,45,Geobacter_metallireducens_strain_GS-15,0.688326009
77,45,Methanosarcina_acetivorans,0.982610511
78,45,Methanobacterium_formicicum,3.11560673
79,45,Magnetospirillum_magneticum,6.606031399
80,45,Tepidimonas_charontis,1.023426444
81,45,Gudongella_oleilytica,2.015739339
82,45,Desulfomicrobium_baculatum,7.317255059
83,45,Parabacteroides_goldsteinii,15.14949867
84,45,Thermincola_ferriacetica,1.587004449
85,45,Dechloromonas_aromatica,0.926822812
86,45,Longilinea_sp.,0.93532145
87,45,Hydrogenophaga_aromaticivorans,6.372195312
88,45,Clostridium_fungisolvens,25.22472865
89,45,Geovibrio_thiophilus,26.94429998
90,46,Mariniplasma_anaerobium,1.092969417
91,46,Geobacter_metallireducens_strain_GS-15,0.654724036
92,46,Methanosarcina_acetivorans,0.998431994
93,46,Methanobacterium_formicicum,3.179477522
94,46,Magnetospirillum_magneticum,6.243376299
95,46,Tepidimonas_charontis,1.046178111
96,46,Gudongella_oleilytica,2.052493709
97,46,Desulfomicrobium_baculatum,7.391953445
98,46,Parabacteroides_goldsteinii,15.10275787
99,46,Thermincola_ferriacetica,1.543633764
100,46,Dechloromonas_aromatica,0.913578298
101,46,Longilinea_sp.,0.924375493
102,46,Hydrogenophaga_aromaticivorans,6.140913334
103,46,Clostridium_fungisolvens,25.74537038
104,46,Geovibrio_thiophilus,26.96976633
105,47,Mariniplasma_anaerobium,1.077110458
106,47,Geobacter_metallireducens_strain_GS-15,0.622394769
107,47,Methanosarcina_acetivorans,1.01451357
108,47,Methanobacterium_formicicum,3.24584751
109,47,Magnetospirillum_magneticum,5.893967194
110,47,Tepidimonas_charontis,1.070583989
111,47,Gudongella_oleilytica,2.090288165
112,47,Desulfomicrobium_baculatum,7.463389384
113,47,Parabacteroides_goldsteinii,15.05203429
114,47,Thermincola_ferriacetica,1.503253227
115,47,Dechloromonas_aromatica,0.899689236
116,47,Longilinea_sp.,0.915128896
117,47,Hydrogenophaga_aromaticivorans,5.925117386
118,47,Clostridium_fungisolvens,26.24596517
119,47,Geovibrio_thiophilus,26.98071675
120,48,Mariniplasma_anaerobium,1.062643015
121,48,Geobacter_metallireducens_strain_GS-15,0.592465524
122,48,Methanosarcina_acetivorans,1.029906195
123,48,Methanobacterium_formicicum,3.311533196
124,48,Magnetospirillum_magneticum,5.63289342
125,48,Tepidimonas_charontis,1.095727009
126,48,Gudongella_oleilytica,2.127249869
127,48,Desulfomicrobium_baculatum,7.524899881
128,48,Parabacteroides_goldsteinii,14.98431124
129,48,Thermincola_ferriacetica,1.464334417
130,48,Dechloromonas_aromatica,0.892575642
131,48,Longilinea_sp.,0.906563507
132,48,Hydrogenophaga_aromaticivorans,5.718456616
133,48,Clostridium_fungisolvens,26.70278272
134,48,Geovibrio_thiophilus,26.95365775
135,49,Mariniplasma_anaerobium,1.05086334
136,49,Geobacter_metallireducens_strain_GS-15,0.563659365
137,49,Methanosarcina_acetivorans,1.045647518
138,49,Methanobacterium_formicicum,3.37985562
139,49,Magnetospirillum_magneticum,5.372477813
140,49,Tepidimonas_charontis,1.122783843
141,49,Gudongella_oleilytica,2.165601686
142,49,Desulfomicrobium_baculatum,7.584456583
143,49,Parabacteroides_goldsteinii,14.91548794
144,49,Thermincola_ferriacetica,1.428289033
145,49,Dechloromonas_aromatica,0.884306925
146,49,Longilinea_sp.,0.899717294
147,49,Hydrogenophaga_aromaticivorans,5.523954195
148,49,Clostridium_fungisolvens,27.14499059
149,49,Geovibrio_thiophilus,26.91790826
150,50,Mariniplasma_anaerobium,1.041813685
151,50,Geobacter_metallireducens_strain_GS-15,0.536091591
152,50,Methanosarcina_acetivorans,1.061728939
153,50,Methanobacterium_formicicum,3.450769938
154,50,Magnetospirillum_magneticum,5.115568311
155,50,Tepidimonas_charontis,1.151881857
156,50,Gudongella_oleilytica,2.205419858
157,50,Desulfomicrobium_baculatum,7.64302142
158,50,Parabacteroides_goldsteinii,14.84614267
159,50,Thermincola_ferriacetica,1.39492259
160,50,Dechloromonas_aromatica,0.875077243
161,50,Longilinea_sp.,0.894621849
162,50,Hydrogenophaga_aromaticivorans,5.334845651
163,50,Clostridium_fungisolvens,27.57375181
164,50,Geovibrio_thiophilus,26.87434259
165,51,Mariniplasma_anaerobium,1.03503681
166,51,Geobacter_metallireducens_strain_GS-15,0.509731801
167,51,Methanosarcina_acetivorans,1.078236525
168,51,Methanobacterium_formicicum,3.524541244
169,51,Magnetospirillum_magneticum,4.864000261
170,51,Tepidimonas_charontis,1.183215438
171,51,Gudongella_oleilytica,2.246981437
172,51,Desulfomicrobium_baculatum,7.700791473
173,51,Parabacteroides_goldsteinii,14.77811614
174,51,Thermincola_ferriacetica,1.364178674
175,51,Dechloromonas_aromatica,0.865087008
176,51,Longilinea_sp.,0.891338751
177,51,Hydrogenophaga_aromaticivorans,5.1405423
178,51,Clostridium_fungisolvens,27.99203875
179,51,Geovibrio_thiophilus,26.82616339
180,52,Mariniplasma_anaerobium,1.030184591
181,52,Geobacter_metallireducens_strain_GS-15,0.484511239
182,52,Methanosarcina_acetivorans,1.095114479
183,52,Methanobacterium_formicicum,3.600805296
184,52,Magnetospirillum_magneticum,4.618750845
185,52,Tepidimonas_charontis,1.216849098
186,52,Gudongella_oleilytica,2.290274463
187,52,Desulfomicrobium_baculatum,7.757213056
188,52,Parabacteroides_goldsteinii,14.71119175
189,52,Thermincola_ferriacetica,1.335842316
190,52,Dechloromonas_aromatica,0.85442381
191,52,Longilinea_sp.,0.889819765
192,52,Hydrogenophaga_aromaticivorans,4.942847495
193,52,Clostridium_fungisolvens,28.39925872
194,52,Geovibrio_thiophilus,26.77291308
195,53,Mariniplasma_anaerobium,1.02722561
196,53,Geobacter_metallireducens_strain_GS-15,0.460392783
197,53,Methanosarcina_acetivorans,1.112305304
198,53,Methanobacterium_formicicum,3.678594217
199,53,Magnetospirillum_magneticum,4.380710867
200,53,Tepidimonas_charontis,1.252869104
201,53,Gudongella_oleilytica,2.335287603
202,53,Desulfomicrobium_baculatum,7.812132507
203,53,Parabacteroides_goldsteinii,14.64513457
204,53,Thermincola_ferriacetica,1.30970912
205,53,Dechloromonas_aromatica,0.84318292
206,53,Longilinea_sp.,0.890032075
207,53,Hydrogenophaga_aromaticivorans,4.743319125
208,53,Clostridium_fungisolvens,28.79495219
209,53,Geovibrio_thiophilus,26.71415201
210,54,Mariniplasma_anaerobium,1.026129212
211,54,Geobacter_metallireducens_strain_GS-15,0.43734275
212,54,Methanosarcina_acetivorans,1.129740802
213,54,Methanobacterium_formicicum,3.75776447
214,54,Magnetospirillum_magneticum,4.150533279
215,54,Tepidimonas_charontis,1.291367518
216,54,Gudongella_oleilytica,2.381990187
217,54,Desulfomicrobium_baculatum,7.865428842
218,54,Parabacteroides_goldsteinii,14.57959322
219,54,Thermincola_ferriacetica,1.28558259
220,54,Dechloromonas_aromatica,0.831445415
221,54,Longilinea_sp.,0.891945057
222,54,Hydrogenophaga_aromaticivorans,4.54341672
223,54,Clostridium_fungisolvens,29.17847439
224,54,Geovibrio_thiophilus,26.64924555
225,55,Mariniplasma_anaerobium,1.023694492
226,55,Geobacter_metallireducens_strain_GS-15,0.446391391
227,55,Methanosarcina_acetivorans,1.144135369
228,55,Methanobacterium_formicicum,3.827372132
229,55,Magnetospirillum_magneticum,4.072951367
230,55,Tepidimonas_charontis,1.328703235
231,55,Gudongella_oleilytica,2.423543931
232,55,Desulfomicrobium_baculatum,7.894755255
233,55,Parabacteroides_goldsteinii,14.47351629
234,55,Thermincola_ferriacetica,1.259751003
235,55,Dechloromonas_aromatica,0.837533618
236,55,Longilinea_sp.,0.893027015
237,55,Hydrogenophaga_aromaticivorans,4.40520915
238,55,Clostridium_fungisolvens,29.46631601
239,55,Geovibrio_thiophilus,26.50309975
240,56,Mariniplasma_anaerobium,1.022716897
241,56,Geobacter_metallireducens_strain_GS-15,0.455903207
242,56,Methanosarcina_acetivorans,1.158610309
243,56,Methanobacterium_formicicum,3.897792369
244,56,Magnetospirillum_magneticum,3.998077982
245,56,Tepidimonas_charontis,1.368462419
246,56,Gudongella_oleilytica,2.466580098
247,56,Desulfomicrobium_baculatum,7.922449846
248,56,Parabacteroides_goldsteinii,14.36798592
249,56,Thermincola_ferriacetica,1.235746322
250,56,Dechloromonas_aromatica,0.843776765
251,56,Longilinea_sp.,0.895626043
252,56,Hydrogenophaga_aromaticivorans,4.273498134
253,56,Clostridium_fungisolvens,29.74062279
254,56,Geovibrio_thiophilus,26.3521509
255,57,Mariniplasma_anaerobium,1.023219122
256,57,Geobacter_metallireducens_strain_GS-15,0.465896143
257,57,Methanosarcina_acetivorans,1.173135273
258,57,Methanobacterium_formicicum,3.968953973
259,57,Magnetospirillum_magneticum,3.925799776
260,57,Tepidimonas_charontis,1.410769198
261,57,Gudongella_oleilytica,2.511131359
262,57,Desulfomicrobium_baculatum,7.948518878
263,57,Parabacteroides_goldsteinii,14.26300313
264,57,Thermincola_ferriacetica,1.21345498
265,57,Dechloromonas_aromatica,0.850176087
266,57,Longilinea_sp.,0.899754976
267,57,Hydrogenophaga_aromaticivorans,4.147891667
268,57,Clostridium_fungisolvens,30.00174634
269,57,Geovibrio_thiophilus,26.1965491
270,58,Mariniplasma_anaerobium,1.025145719
271,58,Geobacter_metallireducens_strain_GS-15,0.476388138
272,58,Methanosarcina_acetivorans,1.187679908
273,58,Methanobacterium_formicicum,4.040783545
274,58,Magnetospirillum_magneticum,3.856002725
275,58,Tepidimonas_charontis,1.455755972
276,58,Gudongella_oleilytica,2.55723073
277,58,Desulfomicrobium_baculatum,7.973010011
278,58,Parabacteroides_goldsteinii,14.15856122
279,58,Thermincola_ferriacetica,1.192773475
280,58,Dechloromonas_aromatica,0.856731831
281,58,Longilinea_sp.,0.905441635
282,58,Hydrogenophaga_aromaticivorans,4.028023646
283,58,Clostridium_fungisolvens,30.25003773
284,58,Geovibrio_thiophilus,26.03643371
285,59,Mariniplasma_anaerobium,1.028465005
286,59,Geobacter_metallireducens_strain_GS-15,0.487401887
287,59,Methanosarcina_acetivorans,1.202213591
288,59,Methanobacterium_formicicum,4.113204537
289,59,Magnetospirillum_magneticum,3.788596611
290,59,Tepidimonas_charontis,1.503563558
291,59,Gudongella_oleilytica,2.604910839
292,59,Desulfomicrobium_baculatum,7.995899734
293,59,Parabacteroides_goldsteinii,14.05464696
294,59,Thermincola_ferriacetica,1.173606847
295,59,Dechloromonas_aromatica,0.863446734
296,59,Longilinea_sp.,0.912720337
297,59,Hydrogenophaga_aromaticivorans,3.913562687
298,59,Clostridium_fungisolvens,30.48583632
299,59,Geovibrio_thiophilus,25.87192435
300,60,Mariniplasma_anaerobium,1.033218068
301,60,Geobacter_metallireducens_strain_GS-15,0.498959578
302,60,Methanosarcina_acetivorans,1.216704496
303,60,Methanobacterium_formicicum,4.186133859
304,60,Magnetospirillum_magneticum,3.723484071
305,60,Tepidimonas_charontis,1.554340273
306,60,Gudongella_oleilytica,2.654201575
307,60,Desulfomicrobium_baculatum,8.017181707
308,60,Parabacteroides_goldsteinii,13.95122538
309,60,Thermincola_ferriacetica,1.155866841
310,60,Dechloromonas_aromatica,0.870321458
311,60,Longilinea_sp.,0.921631013
312,60,Hydrogenophaga_aromaticivorans,3.804191229
313,60,Clostridium_fungisolvens,30.70943613
314,60,Geovibrio_thiophilus,25.70310432
315,61,Mariniplasma_anaerobium,1.039448031
316,61,Geobacter_metallireducens_strain_GS-15,0.511083077
317,61,Methanosarcina_acetivorans,1.231120766
318,61,Methanobacterium_formicicum,4.259485741
319,61,Magnetospirillum_magneticum,3.660564157
320,61,Tepidimonas_charontis,1.608243506
321,61,Gudongella_oleilytica,2.705132233
322,61,Desulfomicrobium_baculatum,8.036859645
323,61,Parabacteroides_goldsteinii,13.84825382
324,61,Thermincola_ferriacetica,1.139472222
325,61,Dechloromonas_aromatica,0.877355246
326,61,Longilinea_sp.,0.932220002
327,61,Hydrogenophaga_aromaticivorans,3.699607512
328,61,Clostridium_fungisolvens,30.9211084
329,61,Geovibrio_thiophilus,25.53004564
330,62,Mariniplasma_anaerobium,1.047200693
331,62,Geobacter_metallireducens_strain_GS-15,0.523794112
332,62,Methanosarcina_acetivorans,1.245431009
333,62,Methanobacterium_formicicum,4.333173353
334,62,Magnetospirillum_magneticum,3.599734602
335,62,Tepidimonas_charontis,1.665440627
336,62,Gudongella_oleilytica,2.757732277
337,62,Desulfomicrobium_baculatum,8.054908461
338,62,Parabacteroides_goldsteinii,13.7456872
339,62,Thermincola_ferriacetica,1.124348439
340,62,Dechloromonas_aromatica,0.884546258
341,62,Longilinea_sp.,0.944540516
342,62,Hydrogenophaga_aromaticivorans,3.599526036
343,62,Clostridium_fungisolvens,31.12110812
344,62,Geovibrio_thiophilus,25.3528283
345,63,Mariniplasma_anaerobium,1.056515862
346,63,Geobacter_metallireducens_strain_GS-15,0.537114421
347,63,Methanosarcina_acetivorans,1.259604622
348,63,Methanobacterium_formicicum,4.407109789
349,63,Magnetospirillum_magneticum,3.540893456
350,63,Tepidimonas_charontis,1.72610968
351,63,Gudongella_oleilytica,2.812031738
352,63,Desulfomicrobium_baculatum,8.071308166
353,63,Parabacteroides_goldsteinii,13.64348074
354,63,Thermincola_ferriacetica,1.110419125
355,63,Dechloromonas_aromatica,0.891891816
356,63,Longilinea_sp.,0.958644062
357,63,Hydrogenophaga_aromaticivorans,3.503677395
358,63,Clostridium_fungisolvens,31.3096762
359,63,Geovibrio_thiophilus,25.17152293
360,64,Mariniplasma_anaerobium,1.067164528
361,64,Geobacter_metallireducens_strain_GS-15,0.55107009
362,64,Methanosarcina_acetivorans,1.273622074
363,64,Methanobacterium_formicicum,4.481244242
364,64,Magnetospirillum_magneticum,3.483967164
365,64,Tepidimonas_charontis,1.790452156
366,64,Gudongella_oleilytica,2.868081863
367,64,Desulfomicrobium_baculatum,8.086086914
368,64,Parabacteroides_goldsteinii,13.54170227
369,64,Thermincola_ferriacetica,1.09737712
370,64,Dechloromonas_aromatica,0.899395576
371,64,Longilinea_sp.,0.974319983
372,64,Hydrogenophaga_aromaticivorans,3.411798559
373,64,Clostridium_fungisolvens,31.48731415
374,64,Geovibrio_thiophilus,24.98640332
375,65,Mariniplasma_anaerobium,1.079196081
376,65,Geobacter_metallireducens_strain_GS-15,0.565681849
377,65,Methanosarcina_acetivorans,1.287453486
378,65,Methanobacterium_formicicum,4.555487103
379,65,Magnetospirillum_magneticum,3.428847733
380,65,Tepidimonas_charontis,1.858667633
381,65,Gudongella_oleilytica,2.925910755
382,65,Desulfomicrobium_baculatum,8.099238098
383,65,Parabacteroides_goldsteinii,13.44029032
384,65,Thermincola_ferriacetica,1.085172723
385,65,Dechloromonas_aromatica,0.907051911
386,65,Longilinea_sp.,0.991631259
387,65,Hydrogenophaga_aromaticivorans,3.323633809
388,65,Clostridium_fungisolvens,31.65422257
389,65,Geovibrio_thiophilus,24.79751466
390,66,Mariniplasma_anaerobium,1.092206856
391,66,Geobacter_metallireducens_strain_GS-15,0.58099613
392,66,Methanosarcina_acetivorans,1.30111431
393,66,Methanobacterium_formicicum,4.629907038
394,66,Magnetospirillum_magneticum,3.375567308
395,66,Tepidimonas_charontis,1.930255381
396,66,Gudongella_oleilytica,2.985140089
397,66,Desulfomicrobium_baculatum,8.110985353
398,66,Parabacteroides_goldsteinii,13.33847608
399,66,Thermincola_ferriacetica,1.07379642
400,66,Dechloromonas_aromatica,0.914889639
401,66,Longilinea_sp.,1.010188685
402,66,Hydrogenophaga_aromaticivorans,3.239065769
403,66,Clostridium_fungisolvens,31.81166602
404,66,Geovibrio_thiophilus,24.60574492
405,67,Mariniplasma_anaerobium,1.106097772
406,67,Geobacter_metallireducens_strain_GS-15,0.597050985
407,67,Methanosarcina_acetivorans,1.314591913
408,67,Methanobacterium_formicicum,4.704472399
409,67,Magnetospirillum_magneticum,3.324084396
410,67,Tepidimonas_charontis,2.005134473
411,67,Gudongella_oleilytica,3.045649537
412,67,Desulfomicrobium_baculatum,8.121410277
413,67,Parabacteroides_goldsteinii,13.23600718
414,67,Thermincola_ferriacetica,1.063217119
415,67,Dechloromonas_aromatica,0.922918167
416,67,Longilinea_sp.,1.029902202
417,67,Hydrogenophaga_aromaticivorans,3.157920287
418,67,Clostridium_fungisolvens,31.9601654
419,67,Geovibrio_thiophilus,24.4113779
420,68,Mariniplasma_anaerobium,1.12090323
421,68,Geobacter_metallireducens_strain_GS-15,0.613879314
422,68,Methanosarcina_acetivorans,1.327862281
423,68,Methanobacterium_formicicum,4.779108665
424,68,Magnetospirillum_magneticum,3.274321282
425,68,Tepidimonas_charontis,2.083425093
426,68,Gudongella_oleilytica,3.107435807
427,68,Desulfomicrobium_baculatum,8.130491469
428,68,Parabacteroides_goldsteinii,13.13285296
429,68,Thermincola_ferriacetica,1.053396601
430,68,Dechloromonas_aromatica,0.931137059
431,68,Longilinea_sp.,1.050816271
432,68,Hydrogenophaga_aromaticivorans,3.080003275
433,68,Clostridium_fungisolvens,32.09991325
434,68,Geovibrio_thiophilus,24.21445344
435,69,Mariniplasma_anaerobium,1.13665672
436,69,Geobacter_metallireducens_strain_GS-15,0.631514342
437,69,Methanosarcina_acetivorans,1.34090268
438,69,Methanobacterium_formicicum,4.853743085
439,69,Magnetospirillum_magneticum,3.226199262
440,69,Tepidimonas_charontis,2.165249439
441,69,Gudongella_oleilytica,3.170494415
442,69,Desulfomicrobium_baculatum,8.13820217
443,69,Parabacteroides_goldsteinii,13.02898501
444,69,Thermincola_ferriacetica,1.044299585
445,69,Dechloromonas_aromatica,0.939545011
446,69,Longilinea_sp.,1.072976485
447,69,Hydrogenophaga_aromaticivorans,3.005130899
448,69,Clostridium_fungisolvens,32.23108349
449,69,Geovibrio_thiophilus,24.0150174
450,70,Mariniplasma_anaerobium,1.153390889
451,70,Geobacter_metallireducens_strain_GS-15,0.649989556
452,70,Methanosarcina_acetivorans,1.353691548
453,70,Methanobacterium_formicicum,4.928304311
454,70,Magnetospirillum_magneticum,3.179638842
455,70,Tepidimonas_charontis,2.250731145
456,70,Gudongella_oleilytica,3.234819222
457,70,Desulfomicrobium_baculatum,8.144518691
458,70,Parabacteroides_goldsteinii,12.92437579
459,70,Thermincola_ferriacetica,1.03589335
460,70,Dechloromonas_aromatica,0.948139785
461,70,Longilinea_sp.,1.096429538
462,70,Hydrogenophaga_aromaticivorans,2.933128526
463,70,Clostridium_fungisolvens,32.35382932
464,70,Geovibrio_thiophilus,23.81311949
465,71,Mariniplasma_anaerobium,1.171137313
466,71,Geobacter_metallireducens_strain_GS-15,0.669338947
467,71,Methanosarcina_acetivorans,1.366208289
468,71,Methanobacterium_formicicum,5.002721689
469,71,Magnetospirillum_magneticum,3.134560826
470,71,Tepidimonas_charontis,2.339994194
471,71,Gudongella_oleilytica,3.300401534
472,71,Desulfomicrobium_baculatum,8.149436119
473,71,Parabacteroides_goldsteinii,12.81899672
474,71,Thermincola_ferriacetica,1.02814717
475,71,Dechloromonas_aromatica,0.956918296
476,71,Longilinea_sp.,1.121222936
477,71,Hydrogenophaga_aromaticivorans,2.863828807
478,71,Clostridium_fungisolvens,32.46827939
479,71,Geovibrio_thiophilus,23.60880776
480,72,Mariniplasma_anaerobium,1.189927479
481,72,Geobacter_metallireducens_strain_GS-15,0.689596761
482,72,Methanosarcina_acetivorans,1.378433973
483,72,Methanobacterium_formicicum,5.07692784
484,72,Magnetospirillum_magneticum,3.090886466
485,72,Tepidimonas_charontis,2.433163924
486,72,Gudongella_oleilytica,3.367231873
487,72,Desulfomicrobium_baculatum,8.152922786
488,72,Parabacteroides_goldsteinii,12.7128245
489,72,Thermincola_ferriacetica,1.021032815
490,72,Dechloromonas_aromatica,0.965876766
491,72,Longilinea_sp.,1.147405801
492,72,Hydrogenophaga_aromaticivorans,2.79707379
493,72,Clostridium_fungisolvens,32.57455568
494,72,Geovibrio_thiophilus,23.40213955
495,73,Mariniplasma_anaerobium,1.209792039
496,73,Geobacter_metallireducens_strain_GS-15,0.710796879
497,73,Methanosarcina_acetivorans,1.390350288
498,73,Methanobacterium_formicicum,5.150854891
499,73,Magnetospirillum_magneticum,3.048535332
500,73,Tepidimonas_charontis,2.530364746
501,73,Gudongella_oleilytica,3.435297313
502,73,Desulfomicrobium_baculatum,8.154987775
503,73,Parabacteroides_goldsteinii,12.60583117
504,73,Thermincola_ferriacetica,1.014523567
505,73,Dechloromonas_aromatica,0.975009973
506,73,Longilinea_sp.,1.175028075
507,73,Hydrogenophaga_aromaticivorans,2.732712214
508,73,Clostridium_fungisolvens,32.67275003
509,73,Geovibrio_thiophilus,23.19316571
510,74,Mariniplasma_anaerobium,1.230762169
511,74,Geobacter_metallireducens_strain_GS-15,0.732972822
512,74,Methanosarcina_acetivorans,1.401940693
513,74,Methanobacterium_formicicum,5.224438765
514,74,Magnetospirillum_magneticum,3.007427013
515,74,Tepidimonas_charontis,2.631719974
516,74,Gudongella_oleilytica,3.504582886
517,74,Desulfomicrobium_baculatum,8.155592929
518,74,Parabacteroides_goldsteinii,12.49799191
519,74,Thermincola_ferriacetica,1.008595692
520,74,Dechloromonas_aromatica,0.984311803
521,74,Longilinea_sp.,1.204141471
522,74,Hydrogenophaga_aromaticivorans,2.670608436
523,74,Clostridium_fungisolvens,32.76296709
524,74,Geovibrio_thiophilus,22.98194635
525,75,Mariniplasma_anaerobium,1.252868455
526,75,Geobacter_metallireducens_strain_GS-15,0.756152115
527,75,Methanosarcina_acetivorans,1.413189136
528,75,Methanobacterium_formicicum,5.297614519
529,75,Magnetospirillum_magneticum,2.967466334
530,75,Tepidimonas_charontis,2.737349747
531,75,Gudongella_oleilytica,3.575067784
532,75,Desulfomicrobium_baculatum,8.1547573
533,75,Parabacteroides_goldsteinii,12.3892706
534,75,Thermincola_ferriacetica,1.003227547
535,75,Dechloromonas_aromatica,0.993771649
536,75,Longilinea_sp.,1.234798284
537,75,Hydrogenophaga_aromaticivorans,2.610634991
538,75,Clostridium_fungisolvens,32.84529821
539,75,Geovibrio_thiophilus,22.76853333
540,76,Mariniplasma_anaerobium,1.276141768
541,76,Geobacter_metallireducens_strain_GS-15,0.780362156
542,76,Methanosarcina_acetivorans,1.424081796
543,76,Methanobacterium_formicicum,5.370322916
544,76,Magnetospirillum_magneticum,2.92856288
545,76,Tepidimonas_charontis,2.847374067
546,76,Gudongella_oleilytica,3.646731246
547,76,Desulfomicrobium_baculatum,8.152440825
548,76,Parabacteroides_goldsteinii,12.27964253
549,76,Thermincola_ferriacetica,0.998399513
550,76,Dechloromonas_aromatica,1.003378772
551,76,Longilinea_sp.,1.267052647
552,76,Hydrogenophaga_aromaticivorans,2.552671607
553,76,Clostridium_fungisolvens,32.91984227
554,76,Geovibrio_thiophilus,22.55299501
555,77,Mariniplasma_anaerobium,1.300612092
556,77,Geobacter_metallireducens_strain_GS-15,0.805629208
557,77,Methanosarcina_acetivorans,1.434605537
558,77,Methanobacterium_formicicum,5.442504784
559,77,Magnetospirillum_magneticum,2.890627655
560,77,Tepidimonas_charontis,2.96190927
561,77,Gudongella_oleilytica,3.71954867
562,77,Desulfomicrobium_baculatum,8.148638644
563,77,Parabacteroides_goldsteinii,12.16908076
564,77,Thermincola_ferriacetica,0.994092812
565,77,Dechloromonas_aromatica,1.013121211
566,77,Longilinea_sp.,1.300959294
567,77,Hydrogenophaga_aromaticivorans,2.4966022
568,77,Clostridium_fungisolvens,32.98667227
569,77,Geovibrio_thiophilus,22.33539559
570,78,Mariniplasma_anaerobium,1.326309488
571,78,Geobacter_metallireducens_strain_GS-15,0.831978718
572,78,Methanosarcina_acetivorans,1.444748913
573,78,Methanobacterium_formicicum,5.514104884
574,78,Magnetospirillum_magneticum,2.853575179
575,78,Tepidimonas_charontis,3.08106923
576,78,Gudongella_oleilytica,3.793494108
577,78,Desulfomicrobium_baculatum,8.143330799
578,78,Parabacteroides_goldsteinii,12.05756816
579,78,Thermincola_ferriacetica,0.990288427
580,78,Dechloromonas_aromatica,1.022986489
581,78,Longilinea_sp.,1.33657442
582,78,Hydrogenophaga_aromaticivorans,2.44230173
583,78,Clostridium_fungisolvens,33.04586127
584,78,Geovibrio_thiophilus,22.11580819
585,79,Mariniplasma_anaerobium,1.353261495
586,79,Geobacter_metallireducens_strain_GS-15,0.859434642
587,79,Methanosarcina_acetivorans,1.454501342
588,79,Methanobacterium_formicicum,5.585068941
589,79,Magnetospirillum_magneticum,2.817321834
590,79,Tepidimonas_charontis,3.204963007
591,79,Gudongella_oleilytica,3.868538255
592,79,Desulfomicrobium_baculatum,8.136538854
593,79,Parabacteroides_goldsteinii,11.94508785
594,79,Thermincola_ferriacetica,0.986968
595,79,Dechloromonas_aromatica,1.032961046
596,79,Longilinea_sp.,1.373953629
597,79,Hydrogenophaga_aromaticivorans,2.389649252
598,79,Clostridium_fungisolvens,33.09744798
599,79,Geovibrio_thiophilus,21.89430387
600,80,Mariniplasma_anaerobium,1.381484658
601,80,Geobacter_metallireducens_strain_GS-15,0.888020868
602,80,Methanosarcina_acetivorans,1.463855915
603,80,Methanobacterium_formicicum,5.655354566
604,80,Magnetospirillum_magneticum,2.7817913
605,80,Tepidimonas_charontis,3.333700294
606,80,Gudongella_oleilytica,3.944655957
607,80,Desulfomicrobium_baculatum,8.128255878
608,80,Parabacteroides_goldsteinii,11.83164611
609,80,Thermincola_ferriacetica,0.984115449
610,80,Dechloromonas_aromatica,1.04303225
611,80,Longilinea_sp.,1.413146671
612,80,Hydrogenophaga_aromaticivorans,2.338534251
613,80,Clostridium_fungisolvens,33.14141404
614,80,Geovibrio_thiophilus,21.67099179
615,81,Mariniplasma_anaerobium,1.410391786
616,81,Geobacter_metallireducens_strain_GS-15,0.917773251
617,81,Methanosarcina_acetivorans,1.472828721
618,81,Methanobacterium_formicicum,5.725006803
619,81,Magnetospirillum_magneticum,2.746950307
620,81,Tepidimonas_charontis,3.467437064
621,81,Gudongella_oleilytica,4.021879456
622,81,Desulfomicrobium_baculatum,8.118612413
623,81,Parabacteroides_goldsteinii,11.71742457
624,81,Thermincola_ferriacetica,0.981364485
625,81,Dechloromonas_aromatica,1.053202291
626,81,Longilinea_sp.,1.453701725
627,81,Hydrogenophaga_aromaticivorans,2.288886764
628,81,Clostridium_fungisolvens,33.17824002
629,81,Geovibrio_thiophilus,21.44630034
630,82,Mariniplasma_anaerobium,1.439545766
631,82,Geobacter_metallireducens_strain_GS-15,0.948725237
632,82,Methanosarcina_acetivorans,1.481433039
633,82,Methanobacterium_formicicum,5.7940599
634,82,Magnetospirillum_magneticum,2.712758696
635,82,Tepidimonas_charontis,3.606330887
636,82,Gudongella_oleilytica,4.100025223
637,82,Desulfomicrobium_baculatum,8.107707195
638,82,Parabacteroides_goldsteinii,11.60256607
639,82,Thermincola_ferriacetica,0.97857845
640,82,Dechloromonas_aromatica,1.063470213
641,82,Longilinea_sp.,1.495250011
642,82,Hydrogenophaga_aromaticivorans,2.240653859
643,82,Clostridium_fungisolvens,33.20831576
644,82,Geovibrio_thiophilus,21.22057969
645,83,Mariniplasma_anaerobium,1.4687643
646,83,Geobacter_metallireducens_strain_GS-15,0.98090353
647,83,Methanosarcina_acetivorans,1.489673384
648,83,Methanobacterium_formicicum,5.862513691
649,83,Magnetospirillum_magneticum,2.679159631
650,83,Tepidimonas_charontis,3.750525223
651,83,Gudongella_oleilytica,4.178913282
652,83,Desulfomicrobium_baculatum,8.095595205
653,83,Parabacteroides_goldsteinii,11.48713413
654,83,Thermincola_ferriacetica,0.975761659
655,83,Dechloromonas_aromatica,1.073827666
656,83,Longilinea_sp.,1.537608887
657,83,Hydrogenophaga_aromaticivorans,2.193780328
658,83,Clostridium_fungisolvens,33.23181284
659,83,Geovibrio_thiophilus,20.99402624
660,84,Mariniplasma_anaerobium,1.49801376
661,84,Geobacter_metallireducens_strain_GS-15,1.01432839
662,84,Methanosarcina_acetivorans,1.497547694
663,84,Methanobacterium_formicicum,5.93034131
664,84,Magnetospirillum_magneticum,2.646084932
665,84,Tepidimonas_charontis,3.900147502
666,84,Gudongella_oleilytica,4.258513109
667,84,Desulfomicrobium_baculatum,8.082283523
668,84,Parabacteroides_goldsteinii,11.37113571
669,84,Thermincola_ferriacetica,0.972913954
670,84,Dechloromonas_aromatica,1.08426035
671,84,Longilinea_sp.,1.580758851
672,84,Hydrogenophaga_aromaticivorans,2.148204591
673,84,Clostridium_fungisolvens,33.24874061
674,84,Geovibrio_thiophilus,20.76672571
675,85,Mariniplasma_anaerobium,1.527259307
676,85,Geobacter_metallireducens_strain_GS-15,1.049017626
677,85,Methanosarcina_acetivorans,1.505054644
678,85,Methanobacterium_formicicum,5.997517626
679,85,Magnetospirillum_magneticum,2.613468785
680,85,Tepidimonas_charontis,4.055321147
681,85,Gudongella_oleilytica,4.338792649
682,85,Desulfomicrobium_baculatum,8.067779032
683,85,Parabacteroides_goldsteinii,11.2545792
684,85,Thermincola_ferriacetica,0.970035282
685,85,Dechloromonas_aromatica,1.094753206
686,85,Longilinea_sp.,1.624677843
687,85,Hydrogenophaga_aromaticivorans,2.103867586
688,85,Clostridium_fungisolvens,33.25911354
689,85,Geovibrio_thiophilus,20.53876252
690,86,Mariniplasma_anaerobium,1.556464939
691,86,Geobacter_metallireducens_strain_GS-15,1.084986246
692,86,Methanosarcina_acetivorans,1.51219355
693,86,Methanobacterium_formicicum,6.064018961
694,86,Magnetospirillum_magneticum,2.581247692
695,86,Tepidimonas_charontis,4.216164673
696,86,Gudongella_oleilytica,4.41971819
697,86,Desulfomicrobium_baculatum,8.052089834
698,86,Parabacteroides_goldsteinii,11.13747412
699,86,Thermincola_ferriacetica,0.967125656
700,86,Dechloromonas_aromatica,1.105290387
701,86,Longilinea_sp.,1.669341162
702,86,Hydrogenophaga_aromaticivorans,2.060712679
703,86,Clostridium_fungisolvens,33.26295041
704,86,Geovibrio_thiophilus,20.31022151
705,87,Mariniplasma_anaerobium,1.620529279
706,87,Geobacter_metallireducens_strain_GS-15,1.117969045
707,87,Methanosarcina_acetivorans,1.513175262
708,87,Methanobacterium_formicicum,6.106461141
709,87,Magnetospirillum_magneticum,2.539644464
710,87,Tepidimonas_charontis,4.366087145
711,87,Gudongella_oleilytica,4.484099622
712,87,Desulfomicrobium_baculatum,8.004603391
713,87,Parabacteroides_goldsteinii,10.97783263
714,87,Thermincola_ferriacetica,0.960510619
715,87,Dechloromonas_aromatica,1.111602555
716,87,Longilinea_sp.,1.73806926
717,87,Hydrogenophaga_aromaticivorans,2.010993192
718,87,Clostridium_fungisolvens,33.4437697
719,87,Geovibrio_thiophilus,20.0046527
720,88,Mariniplasma_anaerobium,1.686379164
721,88,Geobacter_metallireducens_strain_GS-15,1.15178364
722,88,Methanosarcina_acetivorans,1.513668132
723,88,Methanobacterium_formicicum,6.147424938
724,88,Magnetospirillum_magneticum,2.498283899
725,88,Tepidimonas_charontis,4.519663491
726,88,Gudongella_oleilytica,4.547998962
727,88,Desulfomicrobium_baculatum,7.955851995
728,88,Parabacteroides_goldsteinii,10.81807385
729,88,Thermincola_ferriacetica,0.953736043
730,88,Dechloromonas_aromatica,1.117753041
731,88,Longilinea_sp.,1.808806979
732,88,Hydrogenophaga_aromaticivorans,1.961901702
733,88,Clostridium_fungisolvens,33.61884488
734,88,Geovibrio_thiophilus,19.69982928
735,89,Mariniplasma_anaerobium,1.754012061
736,89,Geobacter_metallireducens_strain_GS-15,1.18640645
737,89,Methanosarcina_acetivorans,1.513686235
738,89,Methanobacterium_formicicum,6.186922511
739,89,Magnetospirillum_magneticum,2.457125147
740,89,Tepidimonas_charontis,4.676847536
741,89,Gudongella_oleilytica,4.611366995
742,89,Desulfomicrobium_baculatum,7.905873168
743,89,Parabacteroides_goldsteinii,10.65825656
744,89,Thermincola_ferriacetica,0.94680582
745,89,Dechloromonas_aromatica,1.123724116
746,89,Longilinea_sp.,1.88155196
747,89,Hydrogenophaga_aromaticivorans,1.913416497
748,89,Clostridium_fungisolvens,33.78811969
749,89,Geovibrio_thiophilus,19.39588525
750,90,Mariniplasma_anaerobium,1.82342333
751,90,Geobacter_metallireducens_strain_GS-15,1.221810388
752,90,Methanosarcina_acetivorans,1.513243672
753,90,Methanobacterium_formicicum,6.224967249
754,90,Magnetospirillum_magneticum,2.416131942
755,90,Tepidimonas_charontis,4.837583173
756,90,Gudongella_oleilytica,4.674155453
757,90,Desulfomicrobium_baculatum,7.854697924
758,90,Parabacteroides_goldsteinii,10.49844214
759,90,Thermincola_ferriacetica,0.939723965
760,90,Dechloromonas_aromatica,1.129498342
761,90,Longilinea_sp.,1.956298047
762,90,Hydrogenophaga_aromaticivorans,1.865519053
763,90,Clostridium_fungisolvens,33.95155172
764,90,Geovibrio_thiophilus,19.0929536
765,91,Mariniplasma_anaerobium,1.894605992
766,91,Geobacter_metallireducens_strain_GS-15,1.25796436
767,91,Methanosarcina_acetivorans,1.51235398
768,91,Methanobacterium_formicicum,6.261571343
769,91,Magnetospirillum_magneticum,2.375271639
770,91,Tepidimonas_charontis,5.001801981
771,91,Gudongella_oleilytica,4.736316003
772,91,Desulfomicrobium_baculatum,7.802382703
773,91,Parabacteroides_goldsteinii,10.33869029
774,91,Thermincola_ferriacetica,0.932494539
775,91,Dechloromonas_aromatica,1.13505821
776,91,Longilinea_sp.,2.033034952
777,91,Hydrogenophaga_aromaticivorans,1.818195175
778,91,Clostridium_fungisolvens,34.10909812
779,91,Geovibrio_thiophilus,18.79116071
780,92,Mariniplasma_anaerobium,1.967551129
781,92,Geobacter_metallireducens_strain_GS-15,1.294834112
782,92,Methanosarcina_acetivorans,1.511031168
783,92,Methanobacterium_formicicum,6.296750108
784,92,Magnetospirillum_magneticum,2.334516876
785,92,Tepidimonas_charontis,5.169426541
786,92,Gudongella_oleilytica,4.797802847
787,92,Desulfomicrobium_baculatum,7.748955059
788,92,Parabacteroides_goldsteinii,10.17906626
789,92,Thermincola_ferriacetica,0.925121956
790,92,Dechloromonas_aromatica,1.140387012
791,92,Longilinea_sp.,2.111748787
792,92,Hydrogenophaga_aromaticivorans,1.771433584
793,92,Clostridium_fungisolvens,34.26073848
794,92,Geovibrio_thiophilus,18.49063608
795,93,Mariniplasma_anaerobium,2.042247011
796,93,Geobacter_metallireducens_strain_GS-15,1.332381752
797,93,Methanosarcina_acetivorans,1.509289046
798,93,Methanobacterium_formicicum,6.330519243
799,93,Magnetospirillum_magneticum,2.293844432
800,93,Tepidimonas_charontis,5.340368281
801,93,Gudongella_oleilytica,4.858570813
802,93,Desulfomicrobium_baculatum,7.694451815
803,93,Parabacteroides_goldsteinii,10.01963592
804,93,Thermincola_ferriacetica,0.917610566
805,93,Dechloromonas_aromatica,1.145468423
806,93,Longilinea_sp.,2.192421114
807,93,Hydrogenophaga_aromaticivorans,1.725224984
808,93,Clostridium_fungisolvens,34.40645923
809,93,Geovibrio_thiophilus,18.19150737
810,94,Mariniplasma_anaerobium,2.118679117
811,94,Geobacter_metallireducens_strain_GS-15,1.370565912
812,94,Methanosarcina_acetivorans,1.507141305
813,94,Methanobacterium_formicicum,6.362895195
814,94,Magnetospirillum_magneticum,2.253235332
815,94,Tepidimonas_charontis,5.514527626
816,94,Gudongella_oleilytica,4.918575733
817,94,Desulfomicrobium_baculatum,7.638924626
818,94,Parabacteroides_goldsteinii,9.860468357
819,94,Thermincola_ferriacetica,0.909963375
820,94,Dechloromonas_aromatica,1.150286658
821,94,Longilinea_sp.,2.275028948
822,94,Hydrogenophaga_aromaticivorans,1.67955324
823,94,Clostridium_fungisolvens,34.54625531
824,94,Geovibrio_thiophilus,17.89389927
825,95,Mariniplasma_anaerobium,2.196831171
826,95,Geobacter_metallireducens_strain_GS-15,1.409342502
827,95,Methanosarcina_acetivorans,1.504602213
828,95,Methanobacterium_formicicum,6.393898111
829,95,Magnetospirillum_magneticum,2.212675786
830,95,Tepidimonas_charontis,5.691796624
831,95,Gudongella_oleilytica,4.977776915
832,95,Desulfomicrobium_baculatum,7.582423166
833,95,Parabacteroides_goldsteinii,9.701647156
834,95,Thermincola_ferriacetica,0.902177958
835,95,Dechloromonas_aromatica,1.154827081
836,95,Longilinea_sp.,2.359545831
837,95,Hydrogenophaga_aromaticivorans,1.634367757
838,95,Clostridium_fungisolvens,34.6801459
839,95,Geovibrio_thiophilus,17.59794183
840,96,Mariniplasma_anaerobium,2.276686036
841,96,Geobacter_metallireducens_strain_GS-15,1.44866523
842,96,Methanosarcina_acetivorans,1.501686852
843,96,Methanobacterium_formicicum,6.423479968
844,96,Magnetospirillum_magneticum,2.172157395
845,96,Tepidimonas_charontis,5.872060648
846,96,Gudongella_oleilytica,5.036138522
847,96,Desulfomicrobium_baculatum,7.525011051
848,96,Parabacteroides_goldsteinii,9.543261293
849,96,Thermincola_ferriacetica,0.894253034
850,96,Dechloromonas_aromatica,1.159076505
851,96,Longilinea_sp.,2.445942701
852,96,Hydrogenophaga_aromaticivorans,1.589627886
853,96,Clostridium_fungisolvens,34.80818035
854,96,Geovibrio_thiophilus,17.30377253
855,97,Mariniplasma_anaerobium,2.358239869
856,97,Geobacter_metallireducens_strain_GS-15,1.488495192
857,97,Methanosarcina_acetivorans,1.498420412
858,97,Methanobacterium_formicicum,6.450999206
859,97,Magnetospirillum_magneticum,2.131690181
860,97,Tepidimonas_charontis,6.055235304
861,97,Gudongella_oleilytica,5.093660803
862,97,Desulfomicrobium_baculatum,7.466763382
863,97,Parabacteroides_goldsteinii,9.385462701
864,97,Thermincola_ferriacetica,0.886193692
865,97,Dechloromonas_aromatica,1.163030506
866,97,Longilinea_sp.,2.534203227
867,97,Hydrogenophaga_aromaticivorans,1.545310333
868,97,Clostridium_fungisolvens,34.9306551
869,97,Geovibrio_thiophilus,17.01164009
870,98,Mariniplasma_anaerobium,2.441470806
871,98,Geobacter_metallireducens_strain_GS-15,1.52878024
872,98,Methanosarcina_acetivorans,1.494815937
873,98,Methanobacterium_formicicum,6.47651928
874,98,Magnetospirillum_magneticum,2.091270435
875,98,Tepidimonas_charontis,6.241184645
876,98,Gudongella_oleilytica,5.150307394
877,98,Desulfomicrobium_baculatum,7.407727079
878,98,Parabacteroides_goldsteinii,9.228324069
879,98,Thermincola_ferriacetica,0.877998772
880,98,Dechloromonas_aromatica,1.166676458
881,98,Longilinea_sp.,2.62428999
882,98,Hydrogenophaga_aromaticivorans,1.50138894
883,98,Clostridium_fungisolvens,35.04759781
884,98,Geovibrio_thiophilus,16.72164815
885,99,Mariniplasma_anaerobium,2.526354101
886,99,Geobacter_metallireducens_strain_GS-15,1.569465378
887,99,Methanosarcina_acetivorans,1.490886027
888,99,Methanobacterium_formicicum,6.500102591
889,99,Magnetospirillum_magneticum,2.050897632
890,99,Tepidimonas_charontis,6.429761104
891,99,Gudongella_oleilytica,5.206042436
892,99,Desulfomicrobium_baculatum,7.347971897
893,99,Parabacteroides_goldsteinii,9.0719152
894,99,Thermincola_ferriacetica,0.869667471
895,99,Dechloromonas_aromatica,1.170002368
896,99,Longilinea_sp.,2.716160803
897,99,Hydrogenophaga_aromaticivorans,1.457844524
898,99,Clostridium_fungisolvens,35.15903534
899,99,Geovibrio_thiophilus,16.43389313
900,100,Mariniplasma_anaerobium,2.612863851
901,100,Geobacter_metallireducens_strain_GS-15,1.610494096
902,100,Methanosarcina_acetivorans,1.486643858
903,100,Methanobacterium_formicicum,6.521814757
904,100,Magnetospirillum_magneticum,2.010575689
905,100,Tepidimonas_charontis,6.620809994
906,100,Gudongella_oleilytica,5.26083418
907,100,Desulfomicrobium_baculatum,7.28752789
908,100,Parabacteroides_goldsteinii,8.916309189
909,100,Thermincola_ferriacetica,0.861199941
910,100,Dechloromonas_aromatica,1.172997744
911,100,Longilinea_sp.,2.809770577
912,100,Hydrogenophaga_aromaticivorans,1.414665388
913,100,Clostridium_fungisolvens,35.26501795
914,100,Geovibrio_thiophilus,16.1484749
915,101,Mariniplasma_anaerobium,2.700975535
916,101,Geobacter_metallireducens_strain_GS-15,1.651805851
917,101,Methanosarcina_acetivorans,1.482104435
918,101,Methanobacterium_formicicum,6.541597028
919,101,Magnetospirillum_magneticum,1.970310973
920,101,Tepidimonas_charontis,6.814177868
921,101,Gudongella_oleilytica,5.314659681
922,101,Desulfomicrobium_baculatum,7.2264471
923,101,Parabacteroides_goldsteinii,8.761588726
924,101,Thermincola_ferriacetica,0.852597985
925,101,Dechloromonas_aromatica,1.175653339
926,101,Longilinea_sp.,2.90507411
927,101,Hydrogenophaga_aromaticivorans,1.371846644
928,101,Clostridium_fungisolvens,35.36564954
929,101,Geovibrio_thiophilus,15.86551119
930,102,Mariniplasma_anaerobium,2.790656468
931,102,Geobacter_metallireducens_strain_GS-15,1.693324785
932,102,Methanosarcina_acetivorans,1.477278961
933,102,Methanobacterium_formicicum,6.559640891
934,102,Magnetospirillum_magneticum,1.93010119
935,102,Tepidimonas_charontis,7.009690732
936,102,Gudongella_oleilytica,5.367485129
937,102,Desulfomicrobium_baculatum,7.164763152
938,102,Parabacteroides_goldsteinii,8.60781171
939,102,Thermincola_ferriacetica,0.843861895
940,102,Dechloromonas_aromatica,1.177955276
941,102,Longilinea_sp.,3.00201584
942,102,Hydrogenophaga_aromaticivorans,1.329383779
943,102,Clostridium_fungisolvens,35.46095387
944,102,Geovibrio_thiophilus,15.58507632
945,103,Mariniplasma_anaerobium,2.881874211
946,103,Geobacter_metallireducens_strain_GS-15,1.734974391
947,103,Methanosarcina_acetivorans,1.47218013
948,103,Methanobacterium_formicicum,6.576011316
949,103,Magnetospirillum_magneticum,1.889950139
950,103,Tepidimonas_charontis,7.207172647
951,103,Gudongella_oleilytica,5.419283927
952,103,Desulfomicrobium_baculatum,7.102547197
953,103,Parabacteroides_goldsteinii,8.45504456
954,103,Thermincola_ferriacetica,0.8349933
955,103,Dechloromonas_aromatica,1.179892099
956,103,Longilinea_sp.,3.100539046
957,103,Hydrogenophaga_aromaticivorans,1.287279055
958,103,Clostridium_fungisolvens,35.55099981
959,103,Geovibrio_thiophilus,15.30725817
960,104,Mariniplasma_anaerobium,2.974596321
961,104,Geobacter_metallireducens_strain_GS-15,1.776677658
962,104,Methanosarcina_acetivorans,1.466821532
963,104,Methanobacterium_formicicum,6.59077753
964,104,Magnetospirillum_magneticum,1.84986668
965,104,Tepidimonas_charontis,7.406445103
966,104,Gudongella_oleilytica,5.470035186
967,104,Desulfomicrobium_baculatum,7.039806403
968,104,Parabacteroides_goldsteinii,8.303358125
969,104,Thermincola_ferriacetica,0.825994895
970,104,Dechloromonas_aromatica,1.181454446
971,104,Longilinea_sp.,3.200585628
972,104,Hydrogenophaga_aromaticivorans,1.245540938
973,104,Clostridium_fungisolvens,35.63588817
974,104,Geovibrio_thiophilus,15.03215138
975,105,Mariniplasma_anaerobium,3.068785711
976,105,Geobacter_metallireducens_strain_GS-15,1.818354877
977,105,Methanosarcina_acetivorans,1.46121524
978,105,Methanobacterium_formicicum,6.604002104
979,105,Magnetospirillum_magneticum,1.809861478
980,105,Tepidimonas_charontis,7.607315829
981,105,Gudongella_oleilytica,5.519714869
982,105,Desulfomicrobium_baculatum,6.976634946
983,105,Parabacteroides_goldsteinii,8.152813685
984,105,Thermincola_ferriacetica,0.81686906
985,105,Dechloromonas_aromatica,1.182633207
986,105,Longilinea_sp.,3.302091245
987,105,Hydrogenophaga_aromaticivorans,1.204181511
988,105,Clostridium_fungisolvens,35.71569329
989,105,Geovibrio_thiophilus,14.75983295
990,106,Mariniplasma_anaerobium,3.164406038
991,106,Geobacter_metallireducens_strain_GS-15,1.859927429
992,106,Methanosarcina_acetivorans,1.455374509
993,106,Methanobacterium_formicicum,6.615753043
994,106,Magnetospirillum_magneticum,1.769950198
995,106,Tepidimonas_charontis,7.80959256
996,106,Gudongella_oleilytica,5.568305804
997,106,Desulfomicrobium_baculatum,6.913045024
998,106,Parabacteroides_goldsteinii,8.003478286
999,106,Thermincola_ferriacetica,0.807619358
1000,106,Dechloromonas_aromatica,1.183421756
1001,106,Longilinea_sp.,3.404991219
1002,106,Hydrogenophaga_aromaticivorans,1.163218274
1003,106,Clostridium_fungisolvens,35.79052846
1004,106,Geovibrio_thiophilus,14.49038804
1005,107,Mariniplasma_anaerobium,3.261417557
1006,107,Geobacter_metallireducens_strain_GS-15,1.901315944
1007,107,Methanosarcina_acetivorans,1.449311683
1008,107,Methanobacterium_formicicum,6.626094256
1009,107,Magnetospirillum_magneticum,1.730150635
1010,107,Tepidimonas_charontis,8.013073205
1011,107,Gudongella_oleilytica,5.615789888
1012,107,Desulfomicrobium_baculatum,6.849096375
1013,107,Parabacteroides_goldsteinii,7.855412738
1014,107,Thermincola_ferriacetica,0.798249347
1015,107,Dechloromonas_aromatica,1.183814332
1016,107,Longilinea_sp.,3.509216223
1017,107,Hydrogenophaga_aromaticivorans,1.122671879
1018,107,Clostridium_fungisolvens,35.86049486
1019,107,Geovibrio_thiophilus,14.22389108
1020,108,Mariniplasma_anaerobium,3.359779177
1021,108,Geobacter_metallireducens_strain_GS-15,1.942442141
1022,108,Methanosarcina_acetivorans,1.443039185
1023,108,Methanobacterium_formicicum,6.63509003
1024,108,Magnetospirillum_magneticum,1.690483694
1025,108,Tepidimonas_charontis,8.217551418
1026,108,Gudongella_oleilytica,5.662151807
1027,108,Desulfomicrobium_baculatum,6.784834144
1028,108,Parabacteroides_goldsteinii,7.708677165
1029,108,Thermincola_ferriacetica,0.788763109
1030,108,Dechloromonas_aromatica,1.183806889
1031,108,Longilinea_sp.,3.614694644
1032,108,Hydrogenophaga_aromaticivorans,1.082566453
1033,108,Clostridium_fungisolvens,35.92570575
1034,108,Geovibrio_thiophilus,13.96041439
1035,109,Mariniplasma_anaerobium,3.459434353
1036,109,Geobacter_metallireducens_strain_GS-15,1.983230531
1037,109,Methanosarcina_acetivorans,1.436570249
1038,109,Methanobacterium_formicicum,6.642808358
1039,109,Magnetospirillum_magneticum,1.650973909
1040,109,Tepidimonas_charontis,8.42279361
1041,109,Gudongella_oleilytica,5.707371688
1042,109,Desulfomicrobium_baculatum,6.72030106
1043,109,Parabacteroides_goldsteinii,7.563325896
1044,109,Thermincola_ferriacetica,0.779168712
1045,109,Dechloromonas_aromatica,1.183397725
1046,109,Longilinea_sp.,3.721340148
1047,109,Hydrogenophaga_aromaticivorans,1.042944443
1048,109,Clostridium_fungisolvens,35.98630459
1049,109,Geovibrio_thiophilus,13.70003473
1050,110,Mariniplasma_anaerobium,3.560319641
1051,110,Geobacter_metallireducens_strain_GS-15,2.023608258
1052,110,Methanosarcina_acetivorans,1.429917854
1053,110,Methanobacterium_formicicum,6.649316086
1054,110,Magnetospirillum_magneticum,1.611648113
1055,110,Tepidimonas_charontis,8.628553773
1056,110,Gudongella_oleilytica,5.751428893
1057,110,Desulfomicrobium_baculatum,6.655560959
1058,110,Parabacteroides_goldsteinii,7.419408502
1059,110,Thermincola_ferriacetica,0.76947551
1060,110,Dechloromonas_aromatica,1.182586778
1061,110,Longilinea_sp.,3.829059396
1062,110,Hydrogenophaga_aromaticivorans,1.003853699
1063,110,Clostridium_fungisolvens,36.04243899
1064,110,Geovibrio_thiophilus,13.44282355
1065,111,Mariniplasma_anaerobium,3.662367137
1066,111,Geobacter_metallireducens_strain_GS-15,2.063514052
1067,111,Methanosarcina_acetivorans,1.42309492
1068,111,Methanobacterium_formicicum,6.654679772
1069,111,Magnetospirillum_magneticum,1.572539312
1070,111,Tepidimonas_charontis,8.834578958
1071,111,Gudongella_oleilytica,5.794304221
1072,111,Desulfomicrobium_baculatum,6.590661495
1073,111,Parabacteroides_goldsteinii,7.276972279
1074,111,Thermincola_ferriacetica,0.75969422
1075,111,Dechloromonas_aromatica,1.181377744
1076,111,Longilinea_sp.,3.937754571
1077,111,Hydrogenophaga_aromaticivorans,0.965347788
1078,111,Clostridium_fungisolvens,36.09426528
1079,111,Geovibrio_thiophilus,13.18884825
1080,112,Mariniplasma_anaerobium,3.765505125
1081,112,Geobacter_metallireducens_strain_GS-15,2.102891575
1082,112,Methanosarcina_acetivorans,1.416114491
1083,112,Methanobacterium_formicicum,6.658966577
1084,112,Magnetospirillum_magneticum,1.533682016
1085,112,Tepidimonas_charontis,9.040611622
1086,112,Gudongella_oleilytica,5.835980839
1087,112,Desulfomicrobium_baculatum,6.525643022
1088,112,Parabacteroides_goldsteinii,7.13606434
1089,112,Thermincola_ferriacetica,0.749835538
1090,112,Dechloromonas_aromatica,1.179776202
1091,112,Longilinea_sp.,4.047324292
1092,112,Hydrogenophaga_aromaticivorans,0.927476988
1093,112,Clostridium_fungisolvens,36.1419533
1094,112,Geovibrio_thiophilus,12.93817407
1095,113,Mariniplasma_anaerobium,3.869657647
1096,113,Geobacter_metallireducens_strain_GS-15,2.141689001
1097,113,Methanosarcina_acetivorans,1.408989534
1098,113,Methanobacterium_formicicum,6.662243329
1099,113,Magnetospirillum_magneticum,1.495111308
1100,113,Tepidimonas_charontis,9.246389461
1101,113,Gudongella_oleilytica,5.876443546
1102,113,Desulfomicrobium_baculatum,6.460551495
1103,113,Parabacteroides_goldsteinii,6.996730341
1104,113,Thermincola_ferriacetica,0.739910023
1105,113,Dechloromonas_aromatica,1.177789249
1106,113,Longilinea_sp.,4.157663383
1107,113,Hydrogenophaga_aromaticivorans,0.890287929
1108,113,Clostridium_fungisolvens,36.18568117
1109,113,Geovibrio_thiophilus,12.69086259
1110,114,Mariniplasma_anaerobium,3.974743826
1111,114,Geobacter_metallireducens_strain_GS-15,2.179858957
1112,114,Methanosarcina_acetivorans,1.401732675
1113,114,Methanobacterium_formicicum,6.664575293
1114,114,Magnetospirillum_magneticum,1.456862211
1115,114,Tepidimonas_charontis,9.451644712
1116,114,Gudongella_oleilytica,5.915677746
1117,114,Desulfomicrobium_baculatum,6.395455482
1118,114,Parabacteroides_goldsteinii,6.859013093
1119,114,Thermincola_ferriacetica,0.729927951
1120,114,Dechloromonas_aromatica,1.175425205
1121,114,Longilinea_sp.,4.268662392
1122,114,Hydrogenophaga_aromaticivorans,0.85382334
1123,114,Clostridium_fungisolvens,36.22562844
1124,114,Geovibrio_thiophilus,12.44696868
1125,115,Mariniplasma_anaerobium,4.080680108
1126,115,Geobacter_metallireducens_strain_GS-15,2.217359964
1127,115,Methanosarcina_acetivorans,1.394356969
1128,115,Methanobacterium_formicicum,6.666029861
1129,115,Magnetospirillum_magneticum,1.418970139
1130,115,Tepidimonas_charontis,9.656110349
1131,115,Gudongella_oleilytica,5.953672752
1132,115,Desulfomicrobium_baculatum,6.330393539
1133,115,Parabacteroides_goldsteinii,6.722956279
1134,115,Thermincola_ferriacetica,0.719899707
1135,115,Dechloromonas_aromatica,1.172694179
1136,115,Longilinea_sp.,4.380210218
1137,115,Hydrogenophaga_aromaticivorans,0.818122474
1138,115,Clostridium_fungisolvens,36.2619959
1139,115,Geovibrio_thiophilus,12.20654756
1140,116,Mariniplasma_anaerobium,4.187371442
1141,116,Geobacter_metallireducens_strain_GS-15,2.254151841
1142,116,Methanosarcina_acetivorans,1.38687286
1143,116,Methanobacterium_formicicum,6.666661993
1144,116,Magnetospirillum_magneticum,1.381467498
1145,116,Tepidimonas_charontis,9.859500187
1146,116,Gudongella_oleilytica,5.990408855
1147,116,Desulfomicrobium_baculatum,6.265410252
1148,116,Parabacteroides_goldsteinii,6.588527566
1149,116,Thermincola_ferriacetica,0.709880156
1150,116,Dechloromonas_aromatica,1.169605423
1151,116,Longilinea_sp.,4.492184895
1152,116,Hydrogenophaga_aromaticivorans,0.783402286
1153,116,Clostridium_fungisolvens,36.29492628
1154,116,Geovibrio_thiophilus,11.96962846
1155,117,Mariniplasma_anaerobium,4.294790822
1156,117,Geobacter_metallireducens_strain_GS-15,2.290201288
1157,117,Methanosarcina_acetivorans,1.379289077
1158,117,Methanobacterium_formicicum,6.666518226
1159,117,Magnetospirillum_magneticum,1.344386209
1160,117,Tepidimonas_charontis,10.06164539
1161,117,Gudongella_oleilytica,6.025903106
1162,117,Desulfomicrobium_baculatum,6.200528406
1163,117,Parabacteroides_goldsteinii,6.455773995
1164,117,Thermincola_ferriacetica,0.69986989
1165,117,Dechloromonas_aromatica,1.166168927
1166,117,Longilinea_sp.,4.604526989
1167,117,Hydrogenophaga_aromaticivorans,0.749648203
1168,117,Clostridium_fungisolvens,36.32452583
1169,117,Geovibrio_thiophilus,11.73622364
1170,118,Mariniplasma_anaerobium,4.402920286
1171,118,Geobacter_metallireducens_strain_GS-15,2.325478278
1172,118,Methanosarcina_acetivorans,1.37161362
1173,118,Methanobacterium_formicicum,6.6656415
1174,118,Magnetospirillum_magneticum,1.307756308
1175,118,Tepidimonas_charontis,10.26239349
1176,118,Gudongella_oleilytica,6.06017641
1177,118,Desulfomicrobium_baculatum,6.135754718
1178,118,Parabacteroides_goldsteinii,6.324737038
1179,118,Thermincola_ferriacetica,0.689870274
1180,118,Dechloromonas_aromatica,1.162394961
1181,118,Longilinea_sp.,4.717185703
1182,118,Hydrogenophaga_aromaticivorans,0.716849946
1183,118,Clostridium_fungisolvens,36.35088901
1184,118,Geovibrio_thiophilus,11.50633846
1185,119,Mariniplasma_anaerobium,4.511742662
1186,119,Geobacter_metallireducens_strain_GS-15,2.359956018
1187,119,Methanosarcina_acetivorans,1.363853449
1188,119,Methanobacterium_formicicum,6.664069597
1189,119,Magnetospirillum_magneticum,1.271605751
1190,119,Tepidimonas_charontis,10.46159364
1191,119,Gudongella_oleilytica,6.09324778
1192,119,Desulfomicrobium_baculatum,6.071133656
1193,119,Parabacteroides_goldsteinii,6.195450045
1194,119,Thermincola_ferriacetica,0.679883089
1195,119,Dechloromonas_aromatica,1.158293852
1196,119,Longilinea_sp.,4.830111262
1197,119,Hydrogenophaga_aromaticivorans,0.685000427
1198,119,Clostridium_fungisolvens,36.37408957
1199,119,Geovibrio_thiophilus,11.2799692
1200,120,Mariniplasma_anaerobium,4.621244208
1201,120,Geobacter_metallireducens_strain_GS-15,2.393612575
1202,120,Methanosarcina_acetivorans,1.356015409
1203,120,Methanobacterium_formicicum,6.66183962
1204,120,Magnetospirillum_magneticum,1.235961218
1205,120,Tepidimonas_charontis,10.65910304
1206,120,Gudongella_oleilytica,6.125138096
1207,120,Desulfomicrobium_baculatum,6.006687768
1208,120,Parabacteroides_goldsteinii,6.067942863
1209,120,Thermincola_ferriacetica,0.669910876
1210,120,Dechloromonas_aromatica,1.153876703
1211,120,Longilinea_sp.,4.943257868
1212,120,Hydrogenophaga_aromaticivorans,0.654095177
1213,120,Clostridium_fungisolvens,36.39420457
1214,120,Geovibrio_thiophilus,11.05711001
1215,121,Mariniplasma_anaerobium,4.731419142
1216,121,Geobacter_metallireducens_strain_GS-15,2.426427071
1217,121,Methanosarcina_acetivorans,1.348095531
1218,121,Methanobacterium_formicicum,6.659003951
1219,121,Magnetospirillum_magneticum,1.200846124
1220,121,Tepidimonas_charontis,10.85478718
1221,121,Gudongella_oleilytica,6.155868419
1222,121,Desulfomicrobium_baculatum,5.942466583
1223,121,Parabacteroides_goldsteinii,5.942236587
1224,121,Thermincola_ferriacetica,0.659957323
1225,121,Dechloromonas_aromatica,1.149153595
1226,121,Longilinea_sp.,5.05658511
1227,121,Hydrogenophaga_aromaticivorans,0.624134305
1228,121,Clostridium_fungisolvens,36.41126712
1229,121,Geovibrio_thiophilus,10.83775195
1230,122,Mariniplasma_anaerobium,4.842309271
1231,122,Geobacter_metallireducens_strain_GS-15,2.458366915
1232,122,Methanosarcina_acetivorans,1.340024319
1233,122,Methanobacterium_formicicum,6.655725807
1234,122,Magnetospirillum_magneticum,1.166274758
1235,122,Tepidimonas_charontis,11.04855146
1236,122,Gudongella_oleilytica,6.185467687
1237,122,Desulfomicrobium_baculatum,5.878576647
1238,122,Parabacteroides_goldsteinii,5.818334089
1239,122,Thermincola_ferriacetica,0.650027799
1240,122,Dechloromonas_aromatica,1.144127633
1241,122,Longilinea_sp.,5.170080472
1242,122,Hydrogenophaga_aromaticivorans,0.595127708
1243,122,Clostridium_fungisolvens,36.42510291
1244,122,Geovibrio_thiophilus,10.62190252
1245,123,Mariniplasma_anaerobium,4.953991893
1246,123,Geobacter_metallireducens_strain_GS-15,2.489431848
1247,123,Methanosarcina_acetivorans,1.331920963
1248,123,Methanobacterium_formicicum,6.65210586
1249,123,Magnetospirillum_magneticum,1.132272402
1250,123,Tepidimonas_charontis,11.24039415
1251,123,Gudongella_oleilytica,6.214002297
1252,123,Desulfomicrobium_baculatum,5.815143153
1253,123,Parabacteroides_goldsteinii,5.696272731
1254,123,Thermincola_ferriacetica,0.640128368
1255,123,Dechloromonas_aromatica,1.138813307
1256,123,Longilinea_sp.,5.283776331
1257,123,Hydrogenophaga_aromaticivorans,0.567076477
1258,123,Clostridium_fungisolvens,36.43504329
1259,123,Geovibrio_thiophilus,10.40962693
1260,124,Mariniplasma_anaerobium,5.066555473
1261,124,Geobacter_metallireducens_strain_GS-15,2.519629539
1262,124,Methanosarcina_acetivorans,1.323796052
1263,124,Methanobacterium_formicicum,6.648195058
1264,124,Magnetospirillum_magneticum,1.098863968
1265,124,Tepidimonas_charontis,11.43034426
1266,124,Gudongella_oleilytica,6.241546674
1267,124,Desulfomicrobium_baculatum,5.752259132
1268,124,Parabacteroides_goldsteinii,5.57609142
1269,124,Thermincola_ferriacetica,0.630266579
1270,124,Dechloromonas_aromatica,1.133227642
1271,124,Longilinea_sp.,5.397721179
1272,124,Hydrogenophaga_aromaticivorans,0.539981482
1273,124,Clostridium_fungisolvens,36.44053187
1274,124,Geovibrio_thiophilus,10.20098968
1275,125,Mariniplasma_anaerobium,5.180052482
1276,125,Geobacter_metallireducens_strain_GS-15,2.548956656
1277,125,Methanosarcina_acetivorans,1.315648446
1278,125,Methanobacterium_formicicum,6.6437216
1279,125,Magnetospirillum_magneticum,1.066065157
1280,125,Tepidimonas_charontis,11.61835226
1281,125,Gudongella_oleilytica,6.268128221
1282,125,Desulfomicrobium_baculatum,5.689997817
1283,125,Parabacteroides_goldsteinii,5.457784386
1284,125,Thermincola_ferriacetica,0.620445724
1285,125,Dechloromonas_aromatica,1.12738061
1286,125,Longilinea_sp.,5.511927754
1287,125,Hydrogenophaga_aromaticivorans,0.513838254
1288,125,Clostridium_fungisolvens,36.44173394
1289,125,Geovibrio_thiophilus,9.995966694
1290,126,Mariniplasma_anaerobium,5.294521133
1291,126,Geobacter_metallireducens_strain_GS-15,2.577412819
1292,126,Methanosarcina_acetivorans,1.307479194
1293,126,Methanobacterium_formicicum,6.638678659
1294,126,Magnetospirillum_magneticum,1.033889207
1295,126,Tepidimonas_charontis,11.804334
1296,126,Gudongella_oleilytica,6.293761121
1297,126,Desulfomicrobium_baculatum,5.628380113
1298,126,Parabacteroides_goldsteinii,5.341337876
1299,126,Thermincola_ferriacetica,0.610668516
1300,126,Dechloromonas_aromatica,1.121281247
1301,126,Longilinea_sp.,5.626392678
1302,126,Hydrogenophaga_aromaticivorans,0.488640149
1303,126,Clostridium_fungisolvens,36.43871961
1304,126,Geovibrio_thiophilus,9.79450368
1305,127,Mariniplasma_anaerobium,5.409992908
1306,127,Geobacter_metallireducens_strain_GS-15,2.60500599
1307,127,Methanosarcina_acetivorans,1.299301972
1308,127,Methanobacterium_formicicum,6.633066024
1309,127,Magnetospirillum_magneticum,1.002349348
1310,127,Tepidimonas_charontis,11.98818492
1311,127,Gudongella_oleilytica,6.318464361
1312,127,Desulfomicrobium_baculatum,5.567419985
1313,127,Parabacteroides_goldsteinii,5.226749902
1314,127,Thermincola_ferriacetica,0.600939073
1315,127,Dechloromonas_aromatica,1.1149404
1316,127,Longilinea_sp.,5.741101755
1317,127,Hydrogenophaga_aromaticivorans,0.464379313
1318,127,Clostridium_fungisolvens,36.43155454
1319,127,Geovibrio_thiophilus,9.596549509
1320,128,Mariniplasma_anaerobium,5.526499114
1321,128,Geobacter_metallireducens_strain_GS-15,2.631749003
1322,128,Methanosarcina_acetivorans,1.291129015
1323,128,Methanobacterium_formicicum,6.626888609
1324,128,Magnetospirillum_magneticum,0.971457618
1325,128,Tepidimonas_charontis,12.16980419
1326,128,Gudongella_oleilytica,6.34225776
1327,128,Desulfomicrobium_baculatum,5.507104709
1328,128,Parabacteroides_goldsteinii,5.114018875
1329,128,Thermincola_ferriacetica,0.591261733
1330,128,Dechloromonas_aromatica,1.108369847
1331,128,Longilinea_sp.,5.856042419
1332,128,Hydrogenophaga_aromaticivorans,0.441045953
1333,128,Clostridium_fungisolvens,36.42031451
1334,128,Geovibrio_thiophilus,9.40205665
1335,129,Mariniplasma_anaerobium,5.644104512
1336,129,Geobacter_metallireducens_strain_GS-15,2.65759426
1337,129,Methanosarcina_acetivorans,1.2829696
1338,129,Methanobacterium_formicicum,6.620145891
1339,129,Magnetospirillum_magneticum,0.94120917
1340,129,Tepidimonas_charontis,12.34914267
1341,129,Gudongella_oleilytica,6.365170826
1342,129,Desulfomicrobium_baculatum,5.447454826
1343,129,Parabacteroides_goldsteinii,5.003132751
1344,129,Thermincola_ferriacetica,0.58164149
1345,129,Dechloromonas_aromatica,1.101569725
1346,129,Longilinea_sp.,5.971232573
1347,129,Hydrogenophaga_aromaticivorans,0.418633964
1348,129,Clostridium_fungisolvens,36.40503021
1349,129,Geovibrio_thiophilus,9.210967533
1350,130,Mariniplasma_anaerobium,5.762908728
1351,130,Geobacter_metallireducens_strain_GS-15,2.682436223
1352,130,Methanosarcina_acetivorans,1.274831279
1353,130,Methanobacterium_formicicum,6.612837895
1354,130,Magnetospirillum_magneticum,0.911586222
1355,130,Tepidimonas_charontis,12.52620596
1356,130,Gudongella_oleilytica,6.387245615
1357,130,Desulfomicrobium_baculatum,5.388457988
1358,130,Parabacteroides_goldsteinii,4.894074722
1359,130,Thermincola_ferriacetica,0.572083858
1360,130,Dechloromonas_aromatica,1.094530409
1361,130,Longilinea_sp.,6.086722478
1362,130,Hydrogenophaga_aromaticivorans,0.397138482
1363,130,Clostridium_fungisolvens,36.38572184
1364,130,Geovibrio_thiophilus,9.023218302
1365,131,Mariniplasma_anaerobium,5.883002523
1366,131,Geobacter_metallireducens_strain_GS-15,2.706181534
1367,131,Methanosarcina_acetivorans,1.266719921
1368,131,Methanobacterium_formicicum,6.604969884
1369,131,Magnetospirillum_magneticum,0.882575796
1370,131,Tepidimonas_charontis,12.70098763
1371,131,Gudongella_oleilytica,6.408519447
1372,131,Desulfomicrobium_baculatum,5.330096094
1373,131,Parabacteroides_goldsteinii,4.786830005
1374,131,Thermincola_ferriacetica,0.562593368
1375,131,Dechloromonas_aromatica,1.087245696
1376,131,Longilinea_sp.,6.202556604
1377,131,Hydrogenophaga_aromaticivorans,0.376548618
1378,131,Clostridium_fungisolvens,36.36242542
1379,131,Geovibrio_thiophilus,8.838747459
1380,132,Mariniplasma_anaerobium,6.004473186
1381,132,Geobacter_metallireducens_strain_GS-15,2.728755089
1382,132,Methanosarcina_acetivorans,1.258640794
1383,132,Methanobacterium_formicicum,6.596555761
1384,132,Magnetospirillum_magneticum,0.85417031
1385,132,Tepidimonas_charontis,12.87339684
1386,132,Gudongella_oleilytica,6.429029887
1387,132,Desulfomicrobium_baculatum,5.272353353
1388,132,Parabacteroides_goldsteinii,4.68138857
1389,132,Thermincola_ferriacetica,0.553176769
1390,132,Dechloromonas_aromatica,1.079713906
1391,132,Longilinea_sp.,6.318778931
1392,132,Hydrogenophaga_aromaticivorans,0.356849333
1393,132,Clostridium_fungisolvens,36.33521381
1394,132,Geovibrio_thiophilus,8.657503462
1395,133,Mariniplasma_anaerobium,6.127405464
1396,133,Geobacter_metallireducens_strain_GS-15,2.750095489
1397,133,Methanosarcina_acetivorans,1.250561035
1398,133,Methanobacterium_formicicum,6.587616786
1399,133,Magnetospirillum_magneticum,0.826365638
1400,133,Tepidimonas_charontis,13.04331095
1401,133,Gudongella_oleilytica,6.448814908
1402,133,Desulfomicrobium_baculatum,5.215216973
1403,133,Parabacteroides_goldsteinii,4.577743849
1404,133,Thermincola_ferriacetica,0.543841165
1405,133,Dechloromonas_aromatica,1.071936712
1406,133,Longilinea_sp.,6.435433603
1407,133,Hydrogenophaga_aromaticivorans,0.338022166
1408,133,Clostridium_fungisolvens,36.30419189
1409,133,Geovibrio_thiophilus,8.479443374
1410,134,Mariniplasma_anaerobium,6.251880277
1411,134,Geobacter_metallireducens_strain_GS-15,2.770150758
1412,134,Methanosarcina_acetivorans,1.242423932
1413,134,Methanobacterium_formicicum,6.578177848
1414,134,Magnetospirillum_magneticum,0.799159473
1415,134,Tepidimonas_charontis,13.21060529
1416,134,Gudongella_oleilytica,6.467910796
1417,134,Desulfomicrobium_baculatum,5.158675415
1418,134,Parabacteroides_goldsteinii,4.475890225
1419,134,Thermincola_ferriacetica,0.534592828
1420,134,Dechloromonas_aromatica,1.063917864
1421,134,Longilinea_sp.,6.552562924
1422,134,Hydrogenophaga_aromaticivorans,0.320045801
1423,134,Clostridium_fungisolvens,36.26947836
1424,134,Geovibrio_thiophilus,8.304528209
1425,135,Mariniplasma_anaerobium,6.377964331
1426,135,Geobacter_metallireducens_strain_GS-15,2.788912226
1427,135,Methanosarcina_acetivorans,1.234232811
1428,135,Methanobacterium_formicicum,6.568255681
1429,135,Magnetospirillum_magneticum,0.772556563
1430,135,Tepidimonas_charontis,13.37516261
1431,135,Gudongella_oleilytica,6.486341051
1432,135,Desulfomicrobium_baculatum,5.102710166
1433,135,Parabacteroides_goldsteinii,4.375816532
1434,135,Thermincola_ferriacetica,0.525436343
1435,135,Dechloromonas_aromatica,1.055667399
1436,135,Longilinea_sp.,6.670196611
1437,135,Hydrogenophaga_aromaticivorans,0.302897772
1438,135,Clostridium_fungisolvens,36.23114132
1439,135,Geovibrio_thiophilus,8.132708578
1440,136,Mariniplasma_anaerobium,6.505707126
1441,136,Geobacter_metallireducens_strain_GS-15,2.806459557
1442,136,Methanosarcina_acetivorans,1.225988932
1443,136,Methanobacterium_formicicum,6.557855855
1444,136,Magnetospirillum_magneticum,0.746574928
1445,136,Tepidimonas_charontis,13.53690589
1446,136,Gudongella_oleilytica,6.504113935
1447,136,Desulfomicrobium_baculatum,5.047294618
1448,136,Parabacteroides_goldsteinii,4.277506657
1449,136,Thermincola_ferriacetica,0.516374571
1450,136,Dechloromonas_aromatica,1.047207995
1451,136,Longilinea_sp.,6.788348517
1452,136,Hydrogenophaga_aromaticivorans,0.286556297
1453,136,Clostridium_fungisolvens,36.18918256
1454,136,Geovibrio_thiophilus,7.963922561
1455,137,Mariniplasma_anaerobium,6.635153929
1456,137,Geobacter_metallireducens_strain_GS-15,2.822872719
1457,137,Methanosarcina_acetivorans,1.21769397
1458,137,Methanobacterium_formicicum,6.546986032
1459,137,Magnetospirillum_magneticum,0.72122883
1460,137,Tepidimonas_charontis,13.69575582
1461,137,Gudongella_oleilytica,6.521235992
1462,137,Desulfomicrobium_baculatum,4.992405323
1463,137,Parabacteroides_goldsteinii,4.18094452
1464,137,Thermincola_ferriacetica,0.507409869
1465,137,Dechloromonas_aromatica,1.038561483
1466,137,Longilinea_sp.,6.90703
1467,137,Hydrogenophaga_aromaticivorans,0.270997476
1468,137,Clostridium_fungisolvens,36.14361091
1469,137,Geovibrio_thiophilus,7.798113125
1470,138,Mariniplasma_anaerobium,6.76634639
1471,138,Geobacter_metallireducens_strain_GS-15,2.838231541
1472,138,Methanosarcina_acetivorans,1.209349933
1473,138,Methanobacterium_formicicum,6.535655577
1474,138,Magnetospirillum_magneticum,0.696529056
1475,138,Tepidimonas_charontis,13.85163192
1476,138,Gudongella_oleilytica,6.537712288
1477,138,Desulfomicrobium_baculatum,4.938021716
1478,138,Parabacteroides_goldsteinii,4.086113934
1479,138,Thermincola_ferriacetica,0.49854417
1480,138,Dechloromonas_aromatica,1.029748806
1481,138,Longilinea_sp.,7.026250379
1482,138,Hydrogenophaga_aromaticivorans,0.256195888
1483,138,Clostridium_fungisolvens,36.09444104
1484,138,Geovibrio_thiophilus,7.635227362
1485,139,Mariniplasma_anaerobium,6.899326259
1486,139,Geobacter_metallireducens_strain_GS-15,2.852616642
1487,139,Methanosarcina_acetivorans,1.200959644
1488,139,Methanobacterium_formicicum,6.523878239
1489,139,Magnetospirillum_magneticum,0.672483495
1490,139,Tepidimonas_charontis,14.00446011
1491,139,Gudongella_oleilytica,6.553549644
1492,139,Desulfomicrobium_baculatum,4.884128065
1493,139,Parabacteroides_goldsteinii,3.99300034
1494,139,Thermincola_ferriacetica,0.489779272
1495,139,Dechloromonas_aromatica,1.020790455
1496,139,Longilinea_sp.,7.146020631
1497,139,Hydrogenophaga_aromaticivorans,0.2421252
1498,139,Clostridium_fungisolvens,36.04166273
1499,139,Geovibrio_thiophilus,7.475219269
1500,140,Mariniplasma_anaerobium,7.034136454
1501,140,Geobacter_metallireducens_strain_GS-15,2.866109229
1502,140,Methanosarcina_acetivorans,1.19252669
1503,140,Methanobacterium_formicicum,6.511672046
1504,140,Magnetospirillum_magneticum,0.649097382
1505,140,Tepidimonas_charontis,14.15417448
1506,140,Gudongella_oleilytica,6.568746171
1507,140,Desulfomicrobium_baculatum,4.830713187
1508,140,Parabacteroides_goldsteinii,3.901590646
1509,140,Thermincola_ferriacetica,0.481116893
1510,140,Dechloromonas_aromatica,1.011706459
1511,140,Longilinea_sp.,7.266354293
1512,140,Hydrogenophaga_aromaticivorans,0.228758543
1513,140,Clostridium_fungisolvens,35.98524852
1514,140,Geovibrio_thiophilus,7.318049003
1515,141,Mariniplasma_anaerobium,7.170815229
1516,141,Geobacter_metallireducens_strain_GS-15,2.878788221
1517,141,Methanosarcina_acetivorans,1.184054276
1518,141,Methanobacterium_formicicum,6.499053101
1519,141,Magnetospirillum_magneticum,0.626372932
1520,141,Tepidimonas_charontis,14.30070555
1521,141,Gudongella_oleilytica,6.583247048
1522,141,Desulfomicrobium_baculatum,4.777765023
1523,141,Parabacteroides_goldsteinii,3.811869404
1524,141,Thermincola_ferriacetica,0.472558259
1525,141,Dechloromonas_aromatica,1.002515438
1526,141,Longilinea_sp.,7.387261374
1527,141,Hydrogenophaga_aromaticivorans,0.216068612
1528,141,Clostridium_fungisolvens,35.92525043
1529,141,Geovibrio_thiophilus,7.163675096
1530,142,Mariniplasma_anaerobium,7.309394423
1531,142,Geobacter_metallireducens_strain_GS-15,2.890729457
1532,142,Methanosarcina_acetivorans,1.17554501
1533,142,Methanobacterium_formicicum,6.486034335
1534,142,Magnetospirillum_magneticum,0.604309547
1535,142,Tepidimonas_charontis,14.44397812
1536,142,Gudongella_oleilytica,6.597056651
1537,142,Desulfomicrobium_baculatum,4.725267
1538,142,Parabacteroides_goldsteinii,3.723818047
1539,142,Thermincola_ferriacetica,0.464104059
1540,142,Dechloromonas_aromatica,0.99323446
1541,142,Longilinea_sp.,7.508747018
1542,142,Hydrogenophaga_aromaticivorans,0.204027933
1543,142,Clostridium_fungisolvens,35.86170224
1544,142,Geovibrio_thiophilus,7.012051705
1545,143,Mariniplasma_anaerobium,7.449904178
1546,143,Geobacter_metallireducens_strain_GS-15,2.902006981
1547,143,Methanosarcina_acetivorans,1.167001546
1548,143,Methanobacterium_formicicum,6.472629026
1549,143,Magnetospirillum_magneticum,0.582904432
1550,143,Tepidimonas_charontis,14.58391949
1551,143,Gudongella_oleilytica,6.6101788
1552,143,Desulfomicrobium_baculatum,4.673204716
1553,143,Parabacteroides_goldsteinii,3.637417694
1554,143,Thermincola_ferriacetica,0.455754795
1555,143,Dechloromonas_aromatica,0.983879605
1556,143,Longilinea_sp.,7.630815582
1557,143,Hydrogenophaga_aromaticivorans,0.192609209
1558,143,Clostridium_fungisolvens,35.7946389
1559,143,Geovibrio_thiophilus,6.863135049
1560,144,Mariniplasma_anaerobium,7.592373205
1561,144,Geobacter_metallireducens_strain_GS-15,2.912692865
1562,144,Methanosarcina_acetivorans,1.158426555
1563,144,Methanobacterium_formicicum,6.458850673
1564,144,Magnetospirillum_magneticum,0.562152835
1565,144,Tepidimonas_charontis,14.72046004
1566,144,Gudongella_oleilytica,6.622616812
1567,144,Desulfomicrobium_baculatum,4.621565623
1568,144,Parabacteroides_goldsteinii,3.552649161
1569,144,Thermincola_ferriacetica,0.447510809
1570,144,Dechloromonas_aromatica,0.974465982
1571,144,Longilinea_sp.,7.753470797
1572,144,Hydrogenophaga_aromaticivorans,0.181785495
1573,144,Clostridium_fungisolvens,35.7240961
1574,144,Geovibrio_thiophilus,6.716883047
1575,145,Mariniplasma_anaerobium,7.736829021
1576,145,Geobacter_metallireducens_strain_GS-15,2.92285707
1577,145,Methanosarcina_acetivorans,1.149822706
1578,145,Methanobacterium_formicicum,6.444712881
1579,145,Magnetospirillum_magneticum,0.542048263
1580,145,Tepidimonas_charontis,14.85353363
1581,145,Gudongella_oleilytica,6.634373555
1582,145,Desulfomicrobium_baculatum,4.570338737
1583,145,Parabacteroides_goldsteinii,3.469492968
1584,145,Thermincola_ferriacetica,0.439372305
1585,145,Dechloromonas_aromatica,0.96500775
1586,145,Longilinea_sp.,7.876715895
1587,145,Hydrogenophaga_aromaticivorans,0.171530334
1588,145,Clostridium_fungisolvens,35.65010987
1589,145,Geovibrio_thiophilus,6.573255021
1590,146,Mariniplasma_anaerobium,7.88329814
1591,146,Geobacter_metallireducens_strain_GS-15,2.932567322
1592,146,Methanosarcina_acetivorans,1.141192644
1593,146,Methanobacterium_formicicum,6.430229275
1594,146,Magnetospirillum_magneticum,0.522582689
1595,146,Tepidimonas_charontis,14.98307799
1596,146,Gudongella_oleilytica,6.64545148
1597,146,Desulfomicrobium_baculatum,4.519514389
1598,146,Parabacteroides_goldsteinii,3.387929364
1599,146,Thermincola_ferriacetica,0.43133937
1600,146,Dechloromonas_aromatica,0.955518136
1601,146,Longilinea_sp.,8.000553703
1602,146,Hydrogenophaga_aromaticivorans,0.161817855
1603,146,Clostridium_fungisolvens,35.5727162
1604,146,Geovibrio_thiophilus,6.432211444
1605,147,Mariniplasma_anaerobium,8.031806234
1606,147,Geobacter_metallireducens_strain_GS-15,2.941889027
1607,147,Methanosarcina_acetivorans,1.132538976
1608,147,Methanobacterium_formicicum,6.415413411
1609,147,Magnetospirillum_magneticum,0.50374675
1610,147,Tepidimonas_charontis,15.10903504
1611,147,Gudongella_oleilytica,6.655852656
1612,147,Desulfomicrobium_baculatum,4.469083994
1613,147,Parabacteroides_goldsteinii,3.307938342
1614,147,Thermincola_ferriacetica,0.423411989
1615,147,Dechloromonas_aromatica,0.946009462
1616,147,Longilinea_sp.,8.124986715
1617,147,Hydrogenophaga_aromaticivorans,0.15262286
1618,147,Clostridium_fungisolvens,35.49195081
1619,147,Geovibrio_thiophilus,6.293713731
1620,148,Mariniplasma_anaerobium,8.182378271
1621,148,Geobacter_metallireducens_strain_GS-15,2.95088519
1622,148,Methanosarcina_acetivorans,1.12386426
1623,148,Methanobacterium_formicicum,6.400278721
1624,148,Magnetospirillum_magneticum,0.485529919
1625,148,Tepidimonas_charontis,15.23135109
1626,148,Gudongella_oleilytica,6.665578795
1627,148,Desulfomicrobium_baculatum,4.41903986
1628,148,Parabacteroides_goldsteinii,3.229499667
1629,148,Thermincola_ferriacetica,0.415590054
1630,148,Dechloromonas_aromatica,0.936493175
1631,148,Longilinea_sp.,8.250017132
1632,148,Hydrogenophaga_aromaticivorans,0.143920881
1633,148,Clostridium_fungisolvens,35.40784891
1634,148,Geovibrio_thiophilus,6.15772407
1635,149,Mariniplasma_anaerobium,8.335038627
1636,149,Geobacter_metallireducens_strain_GS-15,2.959616371
1637,149,Methanosarcina_acetivorans,1.115170996
1638,149,Methanobacterium_formicicum,6.384838452
1639,149,Magnetospirillum_magneticum,0.467920676
1640,149,Tepidimonas_charontis,15.34997707
1641,149,Gudongella_oleilytica,6.674631264
1642,149,Desulfomicrobium_baculatum,4.369375017
1643,149,Parabacteroides_goldsteinii,3.1525929
1644,149,Thermincola_ferriacetica,0.407873379
1645,149,Dechloromonas_aromatica,0.926979868
1646,149,Longilinea_sp.,8.37564689
1647,149,Hydrogenophaga_aromaticivorans,0.135688225
1648,149,Clostridium_fungisolvens,35.32044498
1649,149,Geovibrio_thiophilus,6.024205287
1650,150,Mariniplasma_anaerobium,8.48981117
1651,150,Geobacter_metallireducens_strain_GS-15,2.968140647
1652,150,Methanosarcina_acetivorans,1.106461615
1653,150,Methanobacterium_formicicum,6.369105626
1654,150,Magnetospirillum_magneticum,0.450906656
1655,150,Tepidimonas_charontis,15.46486861
1656,150,Gudongella_oleilytica,6.683011106
1657,150,Desulfomicrobium_baculatum,4.320083075
1658,150,Parabacteroides_goldsteinii,3.077197424
1659,150,Thermincola_ferriacetica,0.400261707
1660,150,Dechloromonas_aromatica,0.917479319
1661,150,Longilinea_sp.,8.501877667
1662,150,Hydrogenophaga_aromaticivorans,0.127902002
1663,150,Clostridium_fungisolvens,35.22977264
1664,150,Geovibrio_thiophilus,5.893120732
1665,151,Mariniplasma_anaerobium,8.646845361
1666,151,Geobacter_metallireducens_strain_GS-15,2.976556981
1667,151,Methanosarcina_acetivorans,1.097754474
1668,151,Methanobacterium_formicicum,6.353185594
1669,151,Magnetospirillum_magneticum,0.434481124
1670,151,Tepidimonas_charontis,15.57621319
1671,151,Gudongella_oleilytica,6.690816565
1672,151,Desulfomicrobium_baculatum,4.271220343
1673,151,Parabacteroides_goldsteinii,3.00333624
1674,151,Thermincola_ferriacetica,0.392760443
1675,151,Dechloromonas_aromatica,0.90801375
1676,151,Longilinea_sp.,8.627379173
1677,151,Hydrogenophaga_aromaticivorans,0.120541905
1678,151,Clostridium_fungisolvens,35.13637664
1679,151,Geovibrio_thiophilus,5.764518211
1680,152,Mariniplasma_anaerobium,8.806208198
1681,152,Geobacter_metallireducens_strain_GS-15,2.984918019
1682,152,Methanosarcina_acetivorans,1.089055978
1683,152,Methanobacterium_formicicum,6.337115339
1684,152,Magnetospirillum_magneticum,0.418630272
1685,152,Tepidimonas_charontis,15.68404733
1686,152,Gudongella_oleilytica,6.698075934
1687,152,Desulfomicrobium_baculatum,4.222796593
1688,152,Parabacteroides_goldsteinii,2.930996996
1689,152,Thermincola_ferriacetica,0.385370547
1690,152,Dechloromonas_aromatica,0.898593004
1691,152,Longilinea_sp.,8.751796745
1692,152,Hydrogenophaga_aromaticivorans,0.113586694
1693,152,Clostridium_fungisolvens,35.04042876
1694,152,Geovibrio_thiophilus,5.638379594
1695,153,Mariniplasma_anaerobium,8.967938017
1696,153,Geobacter_metallireducens_strain_GS-15,2.993260403
1697,153,Methanosarcina_acetivorans,1.080368559
1698,153,Methanobacterium_formicicum,6.320908951
1699,153,Magnetospirillum_magneticum,0.403338131
1700,153,Tepidimonas_charontis,15.78835962
1701,153,Gudongella_oleilytica,6.704794158
1702,153,Desulfomicrobium_baculatum,4.174806712
1703,153,Parabacteroides_goldsteinii,2.86015632
1704,153,Thermincola_ferriacetica,0.378091524
1705,153,Dechloromonas_aromatica,0.889222654
1706,153,Longilinea_sp.,8.875096096
1707,153,Hydrogenophaga_aromaticivorans,0.107015524
1708,153,Clostridium_fungisolvens,34.94197708
1709,153,Geovibrio_thiophilus,5.514666246
1710,154,Mariniplasma_anaerobium,9.130771087
1711,154,Geobacter_metallireducens_strain_GS-15,3.001661085
1712,154,Methanosarcina_acetivorans,1.071709845
1713,154,Methanobacterium_formicicum,6.304669978
1714,154,Magnetospirillum_magneticum,0.388594164
1715,154,Tepidimonas_charontis,15.88937036
1716,154,Gudongella_oleilytica,6.711071844
1717,154,Desulfomicrobium_baculatum,4.127304713
1718,154,Parabacteroides_goldsteinii,2.79083073
1719,154,Thermincola_ferriacetica,0.370928121
1720,154,Dechloromonas_aromatica,0.879920238
1721,154,Longilinea_sp.,8.997374897
1722,154,Hydrogenophaga_aromaticivorans,0.100809893
1723,154,Clostridium_fungisolvens,34.84156613
1724,154,Geovibrio_thiophilus,5.393416913
1725,155,Mariniplasma_anaerobium,9.293250556
1726,155,Geobacter_metallireducens_strain_GS-15,3.010202267
1727,155,Methanosarcina_acetivorans,1.063099134
1728,155,Methanobacterium_formicicum,6.288514271
1729,155,Magnetospirillum_magneticum,0.374387843
1730,155,Tepidimonas_charontis,15.98734563
1731,155,Gudongella_oleilytica,6.717023988
1732,155,Desulfomicrobium_baculatum,4.080350842
1733,155,Parabacteroides_goldsteinii,2.723038753
1734,155,Thermincola_ferriacetica,0.363885471
1735,155,Dechloromonas_aromatica,0.870704152
1736,155,Longilinea_sp.,9.118762457
1737,155,Hydrogenophaga_aromaticivorans,0.09495206
1738,155,Clostridium_fungisolvens,34.73980744
1739,155,Geovibrio_thiophilus,5.274675133
1740,156,Mariniplasma_anaerobium,9.455337276
1741,156,Geobacter_metallireducens_strain_GS-15,3.018918026
1742,156,Methanosarcina_acetivorans,1.054538558
1743,156,Methanobacterium_formicicum,6.2724582
1744,156,Magnetospirillum_magneticum,0.360702237
1745,156,Tepidimonas_charontis,16.0823119
1746,156,Gudongella_oleilytica,6.722660577
1747,156,Desulfomicrobium_baculatum,4.033939517
1748,156,Parabacteroides_goldsteinii,2.656753282
1749,156,Thermincola_ferriacetica,0.356962697
1750,156,Dechloromonas_aromatica,0.8615783
1751,156,Longilinea_sp.,9.239256362
1752,156,Hydrogenophaga_aromaticivorans,0.089423425
1753,156,Clostridium_fungisolvens,34.63676288
1754,156,Geovibrio_thiophilus,5.158396757
1755,157,Mariniplasma_anaerobium,9.616994919
1756,157,Geobacter_metallireducens_strain_GS-15,3.027839847
1757,157,Methanosarcina_acetivorans,1.046030028
1758,157,Methanobacterium_formicicum,6.256516761
1759,157,Magnetospirillum_magneticum,0.347520506
1760,157,Tepidimonas_charontis,16.17429829
1761,157,Gudongella_oleilytica,6.727991095
1762,157,Desulfomicrobium_baculatum,3.988065069
1763,157,Parabacteroides_goldsteinii,2.591947284
1764,157,Thermincola_ferriacetica,0.35015885
1765,157,Dechloromonas_aromatica,0.852546014
1766,157,Longilinea_sp.,9.358856177
1767,157,Hydrogenophaga_aromaticivorans,0.084206261
1768,157,Clostridium_fungisolvens,34.53249099
1769,157,Geovibrio_thiophilus,5.044537906
1770,158,Mariniplasma_anaerobium,9.778190219
1771,158,Geobacter_metallireducens_strain_GS-15,3.036996674
1772,158,Methanosarcina_acetivorans,1.03757524
1773,158,Methanobacterium_formicicum,6.24070364
1774,158,Magnetospirillum_magneticum,0.334825962
1775,158,Tepidimonas_charontis,16.26333627
1776,158,Gudongella_oleilytica,6.733024476
1777,158,Desulfomicrobium_baculatum,3.942721709
1778,158,Parabacteroides_goldsteinii,2.528593808
1779,158,Thermincola_ferriacetica,0.34347291
1780,158,Dechloromonas_aromatica,0.843610089
1781,158,Longilinea_sp.,9.477563386
1782,158,Hydrogenophaga_aromaticivorans,0.079283692
1783,158,Clostridium_fungisolvens,34.42704697
1784,158,Geovibrio_thiophilus,4.933054952
1785,159,Mariniplasma_anaerobium,9.938893121
1786,159,Geobacter_metallireducens_strain_GS-15,3.046414985
1787,159,Methanosarcina_acetivorans,1.02917569
1788,159,Methanobacterium_formicicum,6.225031285
1789,159,Magnetospirillum_magneticum,0.322602118
1790,159,Tepidimonas_charontis,16.34945948
1791,159,Gudongella_oleilytica,6.737769071
1792,159,Desulfomicrobium_baculatum,3.897903501
1793,159,Parabacteroides_goldsteinii,2.466665996
1794,159,Thermincola_ferriacetica,0.336903793
1795,159,Dechloromonas_aromatica,0.834772806
1796,159,Longilinea_sp.,9.595381303
1797,159,Hydrogenophaga_aromaticivorans,0.07463966
1798,159,Clostridium_fungisolvens,34.32048268
1799,159,Geovibrio_thiophilus,4.823904508
